Final verification log: .omx/reports/final-ultrawork/final-verification-20260702T163305Z.log
HEAD: ab01fc825e11f88f8765b376f71fa6710fb36bd0
Branch: feat/ui-multi-platform-integration

===== START ruff =====
CMD: uv run ruff check app packages scripts tests
All checks passed!
===== END ruff status=0 started=2026-07-02T16:33:05Z ended=2026-07-02T16:33:05Z =====

===== START pytest-unit-corrected =====
CMD: uv run pytest tests/unit/gateway tests/unit/auth tests/unit/app/config tests/unit/services/test_config_admin_contracts.py -q
/home/developer/projects/aurora/.venv/lib/python3.11/site-packages/pytest_asyncio/plugin.py:247: PytestDeprecationWarning: The configuration option "asyncio_default_fixture_loop_scope" is unset.
The event loop scope for asynchronous fixtures will default to the fixture caching scope. Future versions of pytest-asyncio will default the loop scope for asynchronous fixtures to function scope. Set the default fixture loop scope explicitly in order to avoid unexpected behavior in the future. Valid fixture loop scopes are: "function", "class", "module", "package", "session"

  warnings.warn(PytestDeprecationWarning(_DEFAULT_FIXTURE_LOOP_SCOPE_UNSET))
........................................................................ [ 14%]
........................................................................ [ 28%]
........................................................................ [ 42%]
........................................................................ [ 56%]
.........ssssssssssss................................................... [ 70%]
................................................................ssssssss [ 84%]
........................................................................ [ 98%]
..........                                                               [100%]Cleaned test database: /home/developer/projects/aurora/tests/test_scheduler.db

=============================== warnings summary ===============================
app/messaging/bus.py:19
  /home/developer/projects/aurora/app/messaging/bus.py:19: PydanticDeprecatedSince20: Support for class-based `config` is deprecated, use ConfigDict instead. Deprecated in Pydantic V2.0 to be removed in V3.0. See Pydantic V2 Migration Guide at https://errors.pydantic.dev/2.12/migration/
    class Envelope(BaseModel):

app/shared/contracts/registry.py:37
  /home/developer/projects/aurora/app/shared/contracts/registry.py:37: PydanticDeprecatedSince20: Support for class-based `config` is deprecated, use ConfigDict instead. Deprecated in Pydantic V2.0 to be removed in V3.0. See Pydantic V2 Migration Guide at https://errors.pydantic.dev/2.12/migration/
    class MethodContract(BaseModel):

app/shared/contracts/registry.py:72
  /home/developer/projects/aurora/app/shared/contracts/registry.py:72: PydanticDeprecatedSince20: Support for class-based `config` is deprecated, use ConfigDict instead. Deprecated in Pydantic V2.0 to be removed in V3.0. See Pydantic V2 Migration Guide at https://errors.pydantic.dev/2.12/migration/
    class ModuleContract(BaseModel):

.venv/lib/python3.11/site-packages/passlib/utils/__init__.py:854
  /home/developer/projects/aurora/.venv/lib/python3.11/site-packages/passlib/utils/__init__.py:854: DeprecationWarning: 'crypt' is deprecated and slated for removal in Python 3.13
    from crypt import crypt as _crypt

app/shared/contracts/models/tooling.py:88
  /home/developer/projects/aurora/app/shared/contracts/models/tooling.py:88: UserWarning: Field name "schema" in "ToolingToolInfo" shadows an attribute in parent "IOModel"
    class ToolingToolInfo(IOModel):

tests/unit/gateway/test_auth_service.py::test_initialize_and_bootstrap
  /home/developer/projects/aurora/.venv/lib/python3.11/site-packages/passlib/handlers/argon2.py:716: DeprecationWarning: Accessing argon2.__version__ is deprecated and will be removed in a future release. Use importlib.metadata directly to query for argon2-cffi's packaging metadata.
    _argon2_cffi.__version__, max_version)

tests/unit/gateway/test_backend_inventory.py::test_backend_inventory_includes_contract_route_schema_and_source_file
  /home/developer/projects/aurora/.venv/lib/python3.11/site-packages/pydub/utils.py:14: DeprecationWarning: 'audioop' is deprecated and slated for removal in Python 3.13
    import audioop

tests/unit/gateway/test_backend_inventory.py: 14 warnings
tests/unit/gateway/test_event_stream_route.py: 4 warnings
  /home/developer/projects/aurora/app/services/gateway/fastapi_app.py:155: DeprecationWarning:
          on_event is deprecated, use lifespan event handlers instead.

          Read more about it in the
          [FastAPI docs for Lifespan Events](https://fastapi.tiangolo.com/advanced/events/).

    @app.on_event("startup")

tests/unit/gateway/test_backend_inventory.py: 28 warnings
tests/unit/gateway/test_event_stream_route.py: 8 warnings
  /home/developer/projects/aurora/.venv/lib/python3.11/site-packages/fastapi/applications.py:4675: DeprecationWarning:
          on_event is deprecated, use lifespan event handlers instead.

          Read more about it in the
          [FastAPI docs for Lifespan Events](https://fastapi.tiangolo.com/advanced/events/).

    return self.router.on_event(event_type)  # ty: ignore[deprecated]

tests/unit/gateway/test_backend_inventory.py: 14 warnings
tests/unit/gateway/test_event_stream_route.py: 4 warnings
  /home/developer/projects/aurora/app/services/gateway/fastapi_app.py:175: DeprecationWarning:
          on_event is deprecated, use lifespan event handlers instead.

          Read more about it in the
          [FastAPI docs for Lifespan Events](https://fastapi.tiangolo.com/advanced/events/).

    @app.on_event("shutdown")

tests/unit/gateway/test_mesh_bus.py::TestMeshBusPublish::test_events_with_mesh_true_forwarded_when_shared
tests/unit/gateway/test_mesh_bus.py::TestMeshBusPublish::test_events_forwarded_to_multiple_peers
  /home/developer/projects/aurora/app/messaging/mesh_bus.py:197: RuntimeWarning: coroutine 'AsyncMockMixin._execute_mock_call' was never awaited
    self._peer_bridge.fire_event(
  Enable tracemalloc to get traceback where the object was allocated.
  See https://docs.pytest.org/en/stable/how-to/capture-warnings.html#resource-warnings for more info.

tests/unit/gateway/test_rtc_auth_enforcement.py::test_empty_password_warns_no_auth
tests/unit/gateway/test_rtc_auth_enforcement.py::test_public_broker_warning_when_auth_enabled
  /home/developer/projects/aurora/app/services/gateway/webrtc/rtc_client.py:316: RuntimeWarning: coroutine 'AsyncMockMixin._execute_mock_call' was never awaited
    self._adapter.on_message("presence", self._on_presence)
  Enable tracemalloc to get traceback where the object was allocated.
  See https://docs.pytest.org/en/stable/how-to/capture-warnings.html#resource-warnings for more info.

tests/unit/gateway/test_rtc_auth_enforcement.py::test_empty_password_warns_no_auth
tests/unit/gateway/test_rtc_auth_enforcement.py::test_public_broker_warning_when_auth_enabled
  /home/developer/projects/aurora/app/services/gateway/webrtc/rtc_client.py:317: RuntimeWarning: coroutine 'AsyncMockMixin._execute_mock_call' was never awaited
    self._adapter.on_message("offer", self._on_offer)
  Enable tracemalloc to get traceback where the object was allocated.
  See https://docs.pytest.org/en/stable/how-to/capture-warnings.html#resource-warnings for more info.

tests/unit/gateway/test_rtc_auth_enforcement.py::test_empty_password_warns_no_auth
tests/unit/gateway/test_rtc_auth_enforcement.py::test_public_broker_warning_when_auth_enabled
  /home/developer/projects/aurora/app/services/gateway/webrtc/rtc_client.py:318: RuntimeWarning: coroutine 'AsyncMockMixin._execute_mock_call' was never awaited
    self._adapter.on_message("answer", self._on_answer)
  Enable tracemalloc to get traceback where the object was allocated.
  See https://docs.pytest.org/en/stable/how-to/capture-warnings.html#resource-warnings for more info.

tests/unit/gateway/test_rtc_auth_enforcement.py::test_empty_password_warns_no_auth
tests/unit/gateway/test_rtc_auth_enforcement.py::test_public_broker_warning_when_auth_enabled
  /home/developer/projects/aurora/app/services/gateway/webrtc/rtc_client.py:319: RuntimeWarning: coroutine 'AsyncMockMixin._execute_mock_call' was never awaited
    self._adapter.on_message("candidate", self._on_candidate)
  Enable tracemalloc to get traceback where the object was allocated.
  See https://docs.pytest.org/en/stable/how-to/capture-warnings.html#resource-warnings for more info.

tests/unit/gateway/test_rtc_auth_enforcement.py::test_empty_password_warns_no_auth
tests/unit/gateway/test_rtc_auth_enforcement.py::test_public_broker_warning_when_auth_enabled
  /home/developer/projects/aurora/app/services/gateway/webrtc/rtc_client.py:320: RuntimeWarning: coroutine 'AsyncMockMixin._execute_mock_call' was never awaited
    self._adapter.on_message("broadcast", self._on_broadcast)
  Enable tracemalloc to get traceback where the object was allocated.
  See https://docs.pytest.org/en/stable/how-to/capture-warnings.html#resource-warnings for more info.

-- Docs: https://docs.pytest.org/en/stable/how-to/capture-warnings.html
================================ tests coverage ================================
_______________ coverage: platform linux, python 3.11.14-final-0 _______________

Name                                                     Stmts   Miss  Cover   Missing
--------------------------------------------------------------------------------------
app/__main__.py                                              7      7     0%   7-19
app/helpers/aurora_logger.py                                65     24    63%   56-86, 96-97, 109, 139
app/helpers/getUseHardwareAcceleration.py                   11      8    27%   17-30
app/messaging/__init__.py                                    8      1    88%   72
app/messaging/audio_messages.py                             78     11    86%   53, 58, 63-64, 91-95, 181-187
app/messaging/bullmq_bus.py                                396    359     9%   60-98, 102-110, 114-158, 172-213, 217-248, 252-259, 263-283, 287, 290-295, 298-302, 305-309, 312-320, 324-355, 358-369, 378-447, 456-460, 469-470, 477, 485-506, 510-519, 531-536, 572-696, 730-798, 806
app/messaging/bus_runtime.py                                 9      3    67%   33-35
app/messaging/local_bus.py                                 183    152    17%   88, 92-95, 113-124, 128-135, 146-180, 192-197, 205-216, 224-271, 308-354, 383-458
app/messaging/mesh_bus.py                                  132     27    80%   203-204, 250, 265, 269-270, 286-322, 332, 430, 444-456, 478, 506, 516
app/messaging/priority_helpers.py                           17     12    29%   24-42, 51, 60, 69
app/services/__init__.py                                     9      3    67%   36-38
app/services/auth/__init__.py                                8      4    50%   18-22
app/services/auth/__main__.py                               38     38     0%   3-53
app/services/auth/auth_manager.py                          645    237    63%   76, 84-95, 104-105, 123, 153, 157-161, 164-168, 189, 193-199, 202-206, 239, 244-250, 273-279, 284-288, 370-371, 374, 402-404, 458-464, 470-472, 487-499, 573-574, 588, 595, 612, 643-656, 668, 671-672, 697, 746-761, 788-789, 871-872, 907-908, 918-930, 941, 952-962, 965, 968, 971-976, 979, 982, 987-995, 998-1003, 1016, 1038, 1043, 1053, 1058, 1102, 1110, 1113, 1131-1160, 1203-1204, 1209-1213, 1226-1233, 1242-1246, 1252-1257, 1274-1310, 1314-1318, 1326-1346, 1350-1354, 1370-1387, 1396-1407, 1411, 1438, 1456, 1476-1487, 1491-1496, 1505, 1521, 1534, 1546, 1561, 1588-1596, 1606, 1625, 1653-1654, 1656
app/services/auth/service.py                               337    199    41%   121, 125-126, 129, 135, 174, 180-203, 206, 209-224, 240-245, 263-266, 279-284, 308-313, 332-340, 363-371, 385-390, 408-411, 429-436, 450-456, 469-472, 486-505, 543-551, 570-573, 592-603, 622-623, 636-637, 650-653, 666-669, 718-719, 722, 744-748, 759-760, 773-774, 797-798, 811-833, 844-857, 872-878, 891-892, 905-906, 921-922, 936-940, 953-964, 975-990, 1001-1007, 1019-1042, 1053-1056, 1069-1090, 1104-1115, 1126-1135, 1148-1152, 1165-1169
app/services/backup/__init__.py                              2      2     0%   3-5
app/services/backup/__main__.py                             33     33     0%   3-50
app/services/backup/service.py                             185    185     0%   3-494
app/services/config/__main__.py                             33     33     0%   7-62
app/services/config/config_manager.py                      533    177    67%   57-61, 72-74, 79-81, 110-111, 118, 122, 124, 134, 170-173, 181, 194, 210, 217-222, 237, 243-276, 284-285, 292-293, 301-303, 308-331, 338-371, 378, 382-384, 493, 542-543, 572, 592, 599-601, 624-646, 656-658, 704, 772-773, 777-788, 797, 802-823, 828, 855-857, 863
app/services/config/env_config.py                            9      2    78%   14, 19
app/services/config/service.py                             124     50    60%   92-97, 107-108, 127-143, 155-161, 173-175, 246-248, 280-284, 298-306, 321-323, 327-332, 336-338, 346
app/services/db/__init__.py                                 11      4    64%   35-39
app/services/db/__main__.py                                 33     33     0%   3-52
app/services/db/manager.py                                 463    408    12%   39-41, 45-53, 57-80, 84-117, 121-148, 152-167, 171-178, 182-202, 206-218, 222-246, 250-277, 280-301, 304-312, 315-323, 326-333, 336-357, 360-368, 371-386, 389-397, 400-422, 425-435, 438-449, 453-461, 465-473, 479-487, 494-518, 522-533, 540-563, 567-578, 582-590, 596-613, 617-627, 631-639, 652-665, 677-701, 707, 713-741, 745-756, 760-774
app/services/db/migration_manager.py                        65     49    25%   25-36, 40-54, 58-61, 65-79, 83-103, 108-127
app/services/db/rag_service.py                             318    253    20%   34-65, 75-114, 119, 141-283, 301-315, 320-321, 332, 340, 348, 358, 369, 373, 377, 397-414, 433-467, 481-518, 538-589, 611-645, 657-658, 662-668, 677, 680, 683, 688, 695, 705, 708, 711, 716, 721, 726, 729, 749, 757-816, 820-821, 828-829, 834-835, 840-841
app/services/db/scheduler_db_service.py                    134    108    19%   34-42, 46-67, 71-92, 96-108, 112-122, 126-142, 146-173, 177-187, 191-208, 212-230, 234-253
app/services/db/service.py                                 654    536    18%   126-136, 140-147, 155-160, 164-167, 171-173, 176, 179, 182, 186-205, 217-222, 225-227, 237-253, 256-265, 280-294, 311-347, 357-373, 390-406, 418-463, 475-498, 512-546, 558-588, 600-617, 629-644, 656-673, 685-702, 714-757, 769-795, 807-840, 855-886, 899-947, 968-1002, 1019-1086, 1110-1185, 1208-1224, 1236-1241, 1253-1258, 1270-1275, 1287-1292, 1304-1309, 1321-1326, 1340-1352, 1364-1369, 1381-1389, 1401-1406, 1420-1436, 1448-1453, 1465-1470, 1482-1489, 1501-1506, 1518-1523, 1537-1551, 1563-1570, 1578-1595, 1609-1621, 1635-1640, 1652-1657, 1675-1699
app/services/gateway/__init__.py                            17     13    24%   32-48
app/services/gateway/__main__.py                            38     38     0%   3-52
app/services/gateway/admin_action.py                       118     15    87%   100, 161, 167, 173, 179, 185, 218, 224, 230, 236, 264, 278-279, 285, 295
app/services/gateway/audio_session.py                      119     24    80%   48-49, 134-142, 151, 250, 255, 257-258, 260, 273, 275, 277, 279, 312-319
app/services/gateway/auth.py                               108     27    75%   91, 96, 107-109, 121, 124, 129-131, 143-145, 168-169, 177, 214-215, 275, 358-361, 364-366, 369
app/services/gateway/auth_proxy.py                         146     84    42%   93-105, 109-119, 123-141, 169, 173, 178-184, 204, 221-223, 237, 251, 262-263, 269-289, 295, 300-309, 312-321, 334-350, 363-381, 385-395, 401-415
app/services/gateway/config.py                              74      1    99%   108
app/services/gateway/dependencies.py                        20      7    65%   32-35, 46, 52, 66-68
app/services/gateway/fastapi_app.py                        195     67    66%   195-198, 217-218, 233-238, 276-292, 310-311, 332-340, 357-370, 386-388, 438-441, 453-458, 469-475, 496, 522, 540-546, 575-577, 579-580, 585, 591
app/services/gateway/mesh/announcer.py                      33     33     0%   7-66
app/services/gateway/mesh/capability_catalog.py            209     27    87%   68, 70, 76, 86-88, 262, 447, 452, 465-467, 472, 476, 479, 485-489, 494, 500, 503, 549, 564, 566, 584
app/services/gateway/mesh/capability_graph.py              133      6    95%   407-408, 411, 425, 433, 452
app/services/gateway/mesh/latency.py                        73      5    93%   65, 69-70, 78-79
app/services/gateway/mesh/negotiation.py                    89     12    87%   141-152, 305-307
app/services/gateway/mesh/peer_bridge.py                    90     18    80%   87, 135-138, 166, 177, 180, 221-239
app/services/gateway/mesh/peer_registry.py                 235     35    85%   102-105, 133-136, 151-152, 179-182, 244-247, 420, 512, 525, 531-539, 549, 589, 594, 612, 615
app/services/gateway/mesh/routing_table.py                 143     17    88%   144-150, 160, 177, 219, 250-253, 302, 343, 347, 405, 414, 440-441, 444
app/services/gateway/mesh/version_compat.py                 44      1    98%   40
app/services/gateway/registry_aggregator.py                208    208     0%   9-442
app/services/gateway/route_generator.py                    295     50    83%   85, 157, 159-162, 203-207, 233, 277, 286, 297-301, 347, 450-451, 456-457, 489, 498-499, 535, 547, 550-557, 580, 582, 586, 591-606, 633, 698, 701-704, 812, 820
app/services/gateway/service.py                            953    435    54%   118-122, 128, 131-132, 143, 171, 173, 179, 184-190, 203, 205, 207, 211-215, 217, 220, 277, 282, 284, 296, 304, 315-321, 327, 334, 340, 346, 356, 358, 360, 362, 369, 373, 375, 384, 394, 401, 408-409, 415, 421, 512-516, 520-532, 544-560, 578, 599, 616, 630-631, 648-652, 686, 690, 802, 832, 856-864, 883-890, 1114, 1139, 1141, 1143, 1145, 1147, 1149, 1151, 1153, 1155, 1157, 1162, 1167, 1175-1199, 1207-1209, 1218-1220, 1275, 1279, 1425-1427, 1434-1436, 1475, 1484, 1487, 1516, 1530-1536, 1540-1637, 1641-1649, 1655-1656, 1661-1662, 1679, 1692, 1704-1705, 1708-1710, 1736-1739, 1743-1750, 1754-1778, 1804-1805, 1809-1829, 1840-2087, 2102-2145, 2149-2189, 2198-2199, 2201-2202, 2205-2214
app/services/gateway/utils/crypto.py                        70      2    97%   102, 136
app/services/gateway/webrtc/rpc.py                         194     33    83%   38, 113-114, 122-139, 150, 201-215, 304-305, 344-349, 362, 378-380, 389, 428-441, 450-451, 470-471
app/services/gateway/webrtc/rtc_client.py                  825    347    58%   42, 48, 50, 52, 160-163, 245-248, 258, 271, 301, 333-334, 577-578, 580, 606-621, 626, 647-651, 668-672, 681, 711-712, 741-756, 764-771, 780-785, 797-808, 824-830, 842-845, 857-867, 874-882, 901, 911-913, 917-919, 923, 930-931, 937-938, 947, 952, 998-1004, 1007-1015, 1020-1027, 1055-1184, 1188-1194, 1219-1220, 1224-1225, 1240, 1254-1255, 1263, 1329, 1350, 1353, 1393-1396, 1412-1420, 1427-1428, 1448, 1463, 1476-1487, 1506-1530, 1554-1590, 1602-1615, 1619-1649, 1662-1678, 1681-1710, 1713-1726, 1729-1746, 1760-1793
app/services/gateway/webrtc/signaling/mqtt_client.py       114     98    14%   21-41, 44-45, 49-109, 120-154, 162, 165-176, 179, 182-194, 197-200
app/services/orchestrator/__main__.py                       33     33     0%   3-51
app/services/orchestrator/agents/chatbot.py                226    204    10%   41-45, 64-308, 314-315, 327-420
app/services/orchestrator/chat_llama_cpp.py                306    306     0%   1-786
app/services/orchestrator/chat_llama_cpp_fn_handler.py     136    136     0%   1-530
app/services/orchestrator/graph.py                         158    122    23%   40-76, 80-85, 99-177, 189-223, 235-243, 255-256, 269-277, 315-329, 338-348, 361-386, 398-420, 436, 448-451, 467-468, 482-483
app/services/orchestrator/message_types.py                  12     12     0%   1-19
app/services/orchestrator/service.py                       441    349    21%   106-118, 122-124, 132-139, 143-150, 158-176, 188-210, 222-242, 263-410, 424-434, 451-556, 569-593, 614, 632-636, 658, 673, 688, 710-776, 783-784, 787-788, 791-806, 815-833, 849-869, 872-875, 878-882, 885-902, 905-908, 911-944, 947-972, 984-1014, 1030, 1052, 1076-1097, 1104-1134, 1138, 1144-1151, 1155-1163, 1173-1180, 1282-1285, 1310, 1323, 1327, 1331-1333, 1337-1341, 1345-1349, 1361-1363, 1367-1371, 1378-1392, 1405-1418
app/services/orchestrator/tool_bindings.py                  89     72    19%   26-41, 49-72, 78-80, 86-88, 106, 112-118, 122-138, 147-168, 172-180, 184-186, 190-217
app/services/scheduler/__main__.py                          33     33     0%   3-51
app/services/scheduler/cron_service.py                     114     82    28%   22, 30-34, 61, 98, 109-126, 130-143, 147-150, 154-157, 161-164, 168-171, 175-179, 195-200, 238-260, 264-274, 293-294, 330-359
app/services/scheduler/models.py                            64     64     0%   5-174
app/services/scheduler/scheduler_manager.py                160    128    20%   37-39, 43-50, 54-65, 69-88, 92-107, 111-161, 168-195, 199-214, 218-242, 254-270, 281-297, 301, 305, 309-312, 316-319
app/services/scheduler/service.py                          276    220    20%   80-82, 85-87, 90-94, 97, 104-108, 117-123, 126-135, 163, 172-174, 196, 199-215, 221-225, 236-264, 268-286, 290-293, 297-302, 310-315, 328-408, 421-476, 489-532, 551-594, 620-700, 718-899, 939-965
app/services/stt_coordinator/__main__.py                    33     33     0%   3-51
app/services/stt_coordinator/service.py                    373    294    21%   29-30, 143-186, 192-220, 228-252, 256-286, 292-346, 353-430, 441-485, 489-546, 554-559, 567-579, 588-624, 634-654, 662-713, 721-774, 786-798, 810-814, 826, 842-864
app/services/stt_transcription/__main__.py                  33     33     0%   3-51
app/services/stt_transcription/service.py                  445    357    20%   140-183, 187-208, 212-220, 232-259, 263-268, 272-327, 331-336, 340-354, 358-410, 421-441, 445-470, 484-489, 506-547, 568-585, 602-613, 625-627, 644-663, 671-672, 693-732, 736-771, 774-782, 792-794, 827-853, 873-946, 968-1040
app/services/stt_wakeword/__main__.py                       33     33     0%   3-51
app/services/stt_wakeword/backends.py                      116     87    25%   41-43, 48, 60, 65, 74-86, 105-106, 110-149, 160-194, 198-199, 220-222, 226-241, 252-273, 277-284
app/services/stt_wakeword/messages.py                        2      2     0%   7-14
app/services/stt_wakeword/service.py                       194    147    24%   99-113, 117-128, 136-145, 149-200, 204-222, 239-277, 285-293, 314-330, 334-367, 370-378, 388-390, 415-437, 453-478, 500-539
app/services/supervisor.py                                 297    248    16%   61-65, 87, 95, 110-142, 146-154, 158-172, 176-181, 185-298, 302-347, 355-405, 409-423, 427-451, 455-479, 483-493, 498, 502, 506, 517-536, 553, 566, 579, 585-586, 592-602, 606
app/services/tooling/__main__.py                            33     33     0%   3-51
app/services/tooling/mcp/__init__.py                         2      2     0%   6-13
app/services/tooling/mcp/mcp_client.py                     188    188     0%   9-306
app/services/tooling/mcp/mcp_discovery.py                  186    186     0%   11-410
app/services/tooling/service.py                            727    591    19%   120-143, 147, 155-164, 170-177, 183-185, 191-205, 213, 223, 228-260, 267-291, 330, 336-346, 352-354, 371-376, 396-399, 403-407, 419-437, 447-453, 456, 463-464, 472-484, 492-509, 523-555, 559, 564-588, 594-596, 616, 635-731, 742-753, 764-776, 779-786, 789, 797, 801, 809, 813, 816-830, 834-837, 842-866, 869, 885-889, 919-925, 937-1002, 1023-1033, 1053-1059, 1068, 1093-1120, 1137-1180, 1194-1214, 1238-1319, 1324-1341, 1356-1428, 1448-1519, 1534-1616, 1642-1657, 1673-1687, 1703, 1719-1730, 1739-1767, 1790-1791, 1807-1821, 1837-1884, 1906-1975, 1999-2008, 2024-2044, 2063-2254
app/services/tooling/tools/__init__.py                       6      6     0%   6-20
app/services/tooling/tools/brave_search.py                  23     23     0%   1-52
app/services/tooling/tools/current_screen.py                 6      6     0%   1-20
app/services/tooling/tools/duckduckgo_search.py              2      2     0%   1-3
app/services/tooling/tools/gcalendar_toolkit.py              3      3     0%   1-6
app/services/tooling/tools/github_toolkit.py                 5      5     0%   1-7
app/services/tooling/tools/gmail_toolkit.py                  3      3     0%   1-6
app/services/tooling/tools/jira_toolkit.py                   5      5     0%   1-8
app/services/tooling/tools/openrecall_search.py              7      7     0%   1-25
app/services/tooling/tools/pomodoro_tool.py                151    151     0%   1-332
app/services/tooling/tools/resume_tts.py                     9      9     0%   1-26
app/services/tooling/tools/scheduler_tool.py               191    191     0%   1-556
app/services/tooling/tools/slack_toolkit.py                  3      3     0%   1-4
app/services/tooling/tools/stop_tts.py                       9      9     0%   1-26
app/services/tooling/tools/upsert_memory.py                 11     11     0%   1-44
app/services/tooling/tools_manager.py                      264    230    13%   50-69, 73-111, 115-221, 226-264, 272-367, 379-393, 404, 412, 420, 429-456, 464-495, 518-520, 530, 545-549, 561-566, 585-605
app/services/tts/__init__.py                                 9      4    56%   39-43
app/services/tts/__main__.py                                33     33     0%   3-51
app/services/tts/piper_engine.py                            81     62    23%   27-33, 36, 63-90, 93, 102, 118-206, 215, 225
app/services/tts/service.py                                218    165    24%   57, 62, 93-113, 117-145, 149-150, 154-164, 177-183, 187-192, 200-221, 240-270, 286-292, 308-326, 342-360, 369-396, 404-423, 434-485, 507-551
app/services/tts/tts_engine.py                              82     82     0%   1-165
app/shared/auth/identity.py                                 28      1    96%   70
app/shared/auth/permissions.py                             114      7    94%   129-130, 146, 183, 191-193, 271
app/shared/config/interface.py                             394    311    21%   52-62, 75-88, 101, 112-113, 125-161, 176-177, 184-204, 214-222, 245-318, 325-333, 390-391, 415-416, 426-427, 432-439, 447, 461, 473-491, 504-518, 530-548, 559-577, 585-603, 610-616, 624-637, 648, 656-673, 681-696, 707-729, 737-769, 782-827
app/shared/config/keys.py                                  754      1    99%   13
app/shared/contracts/models/mesh.py                        110      1    99%   58
app/shared/contracts/models/tooling.py                     243      1    99%   239
app/shared/contracts/registry.py                           137     42    69%   22-23, 27-28, 168-183, 252, 258, 262, 279, 288-294, 301-306, 318, 358-392, 404
app/shared/crypto.py                                        25     15    40%   29, 47-51, 64-72
app/shared/mesh/tracing.py                                  34      1    97%   52
app/shared/messaging/bus_init.py                            48     17    65%   38-39, 52, 63, 78-82, 116-131, 155
app/shared/messaging/models/orchestrator_models.py          33      5    85%   64-69, 73
app/shared/messaging/models/scheduler_models.py              2      2     0%   7-9
app/shared/models/db.py                                    201     50    75%   51, 62, 73, 82, 94, 105, 108-112, 150-153, 185, 199, 225, 279-282, 294, 316, 329-345, 367, 392-398, 401, 404-407
app/shared/path_utils.py                                    59     40    32%   28-30, 63-94, 109-114, 137-138, 154-167
app/shared/services/base_service.py                        380    296    22%   80, 89, 102-103, 139-153, 157-175, 179-194, 204-218, 222-226, 230-232, 236-241, 252, 263, 272, 286, 294-305, 313-324, 331-346, 350-357, 361-393, 402-405, 408-410, 414-431, 435-448, 456, 464, 477-615, 619-625, 644-666, 683-761, 768-798, 806-828
app/shared/services/health.py                               17     17     0%   3-53
app/shared/services/process_launcher.py                    131    131     0%   7-286
app/ui/__init__.py                                           2      2     0%   7-9
app/ui/bridge_service.py                                   123    123     0%   10-289
--------------------------------------------------------------------------------------
TOTAL                                                    20784  10629    49%

53 files skipped due to complete coverage.
Coverage HTML written to dir htmlcov
Coverage XML written to file coverage.xml
=========================== short test summary info ============================
SKIPPED [1] tests/unit/gateway/test_principal_routes.py:107: Principal endpoints migrated to Auth service contracts (auto-generated)
SKIPPED [1] tests/unit/gateway/test_principal_routes.py:124: Principal endpoints migrated to Auth service contracts (auto-generated)
SKIPPED [1] tests/unit/gateway/test_principal_routes.py:141: Principal endpoints migrated to Auth service contracts (auto-generated)
SKIPPED [1] tests/unit/gateway/test_principal_routes.py:154: Principal endpoints migrated to Auth service contracts (auto-generated)
SKIPPED [1] tests/unit/gateway/test_principal_routes.py:165: Principal endpoints migrated to Auth service contracts (auto-generated)
SKIPPED [1] tests/unit/gateway/test_principal_routes.py:175: Principal endpoints migrated to Auth service contracts (auto-generated)
SKIPPED [1] tests/unit/gateway/test_principal_routes.py:190: Principal endpoints migrated to Auth service contracts (auto-generated)
SKIPPED [1] tests/unit/gateway/test_principal_routes.py:200: Principal endpoints migrated to Auth service contracts (auto-generated)
SKIPPED [1] tests/unit/gateway/test_principal_routes.py:210: Principal endpoints migrated to Auth service contracts (auto-generated)
SKIPPED [1] tests/unit/gateway/test_principal_routes.py:225: Principal endpoints migrated to Auth service contracts (auto-generated)
SKIPPED [1] tests/unit/gateway/test_principal_routes.py:239: Principal endpoints migrated to Auth service contracts (auto-generated)
SKIPPED [1] tests/unit/gateway/test_principal_routes.py:253: Principal endpoints migrated to Auth service contracts (auto-generated)
SKIPPED [1] tests/unit/gateway/test_token_routes.py:90: Token endpoints migrated to Auth service contracts (auto-generated)
SKIPPED [1] tests/unit/gateway/test_token_routes.py:106: Token endpoints migrated to Auth service contracts (auto-generated)
SKIPPED [1] tests/unit/gateway/test_token_routes.py:117: Token endpoints migrated to Auth service contracts (auto-generated)
SKIPPED [1] tests/unit/gateway/test_token_routes.py:138: Token endpoints migrated to Auth service contracts (auto-generated)
SKIPPED [1] tests/unit/gateway/test_token_routes.py:151: Token endpoints migrated to Auth service contracts (auto-generated)
SKIPPED [1] tests/unit/gateway/test_token_routes.py:165: Token endpoints migrated to Auth service contracts (auto-generated)
SKIPPED [1] tests/unit/gateway/test_token_routes.py:178: Token endpoints migrated to Auth service contracts (auto-generated)
SKIPPED [1] tests/unit/gateway/test_token_routes.py:188: Token endpoints migrated to Auth service contracts (auto-generated)
494 passed, 20 skipped, 91 warnings in 47.34s
===== END pytest-unit-corrected status=0 started=2026-07-02T16:33:05Z ended=2026-07-02T16:33:56Z =====

===== START pytest-integration =====
CMD: uv run pytest tests/integration -q
/home/developer/projects/aurora/.venv/lib/python3.11/site-packages/pytest_asyncio/plugin.py:247: PytestDeprecationWarning: The configuration option "asyncio_default_fixture_loop_scope" is unset.
The event loop scope for asynchronous fixtures will default to the fixture caching scope. Future versions of pytest-asyncio will default the loop scope for asynchronous fixtures to function scope. Set the default fixture loop scope explicitly in order to avoid unexpected behavior in the future. Valid fixture loop scopes are: "function", "class", "module", "package", "session"

  warnings.warn(PytestDeprecationWarning(_DEFAULT_FIXTURE_LOOP_SCOPE_UNSET))
......sssssssssssssss................................................... [ 67%]
.......ssssssssssss......sssssssss                                       [100%]Cleaned test database: /home/developer/projects/aurora/tests/test_scheduler.db

=============================== warnings summary ===============================
app/messaging/bus.py:19
  /home/developer/projects/aurora/app/messaging/bus.py:19: PydanticDeprecatedSince20: Support for class-based `config` is deprecated, use ConfigDict instead. Deprecated in Pydantic V2.0 to be removed in V3.0. See Pydantic V2 Migration Guide at https://errors.pydantic.dev/2.12/migration/
    class Envelope(BaseModel):

app/shared/contracts/registry.py:37
  /home/developer/projects/aurora/app/shared/contracts/registry.py:37: PydanticDeprecatedSince20: Support for class-based `config` is deprecated, use ConfigDict instead. Deprecated in Pydantic V2.0 to be removed in V3.0. See Pydantic V2 Migration Guide at https://errors.pydantic.dev/2.12/migration/
    class MethodContract(BaseModel):

app/shared/contracts/registry.py:72
  /home/developer/projects/aurora/app/shared/contracts/registry.py:72: PydanticDeprecatedSince20: Support for class-based `config` is deprecated, use ConfigDict instead. Deprecated in Pydantic V2.0 to be removed in V3.0. See Pydantic V2 Migration Guide at https://errors.pydantic.dev/2.12/migration/
    class ModuleContract(BaseModel):

.venv/lib/python3.11/site-packages/passlib/utils/__init__.py:854
  /home/developer/projects/aurora/.venv/lib/python3.11/site-packages/passlib/utils/__init__.py:854: DeprecationWarning: 'crypt' is deprecated and slated for removal in Python 3.13
    from crypt import crypt as _crypt

app/shared/contracts/models/tooling.py:88
  /home/developer/projects/aurora/app/shared/contracts/models/tooling.py:88: UserWarning: Field name "schema" in "ToolingToolInfo" shadows an attribute in parent "IOModel"
    class ToolingToolInfo(IOModel):

tests/integration/test_scheduler_database_integration.py::TestSchedulerDatabaseIntegration::test_job_persistence
tests/integration/test_scheduler_database_integration.py::TestSchedulerDatabaseIntegration::test_job_execution_logging
tests/integration/test_scheduler_database_integration.py::TestSchedulerDatabaseIntegration::test_failed_job_logging
tests/integration/test_scheduler_database_integration.py::TestSchedulerDatabaseIntegration::test_cron_job_scheduling
  /home/developer/projects/aurora/tests/integration/test_scheduler_database_integration.py:120: RuntimeWarning: coroutine 'SchedulerManager.stop' was never awaited
    manager.stop()
  Enable tracemalloc to get traceback where the object was allocated.
  See https://docs.pytest.org/en/stable/how-to/capture-warnings.html#resource-warnings for more info.

-- Docs: https://docs.pytest.org/en/stable/how-to/capture-warnings.html
================================ tests coverage ================================
_______________ coverage: platform linux, python 3.11.14-final-0 _______________

Name                                                     Stmts   Miss  Cover   Missing
--------------------------------------------------------------------------------------
app/__main__.py                                              7      7     0%   7-19
app/helpers/aurora_logger.py                                65     24    63%   56-86, 96-97, 109, 139
app/messaging/__init__.py                                    8      1    88%   72
app/messaging/audio_messages.py                             78     11    86%   53, 58, 63-64, 91-95, 181-187
app/messaging/bullmq_bus.py                                396    396     0%   12-806
app/messaging/bus_runtime.py                                 9      3    67%   33-35
app/messaging/local_bus.py                                 183     40    78%   130, 134-135, 168, 180, 215-216, 257-263, 270-271, 310-315, 339-340, 352-354, 404-413, 417-418, 425-427, 454-456
app/messaging/mesh_bus.py                                  132     53    60%   128, 132, 203-204, 210-332, 430, 453-456, 478, 502, 506, 516
app/messaging/priority_helpers.py                           17     12    29%   24-42, 51, 60, 69
app/services/__init__.py                                     9      3    67%   36-38
app/services/auth/__init__.py                                8      4    50%   18-22
app/services/auth/__main__.py                               38     38     0%   3-53
app/services/auth/auth_manager.py                          645    513    20%   67-72, 76, 84-95, 101-105, 108-114, 117-123, 126-138, 141-145, 148-154, 157-161, 164-168, 171-181, 184-190, 193-199, 202-206, 209-221, 224-230, 233-239, 244-250, 253-257, 260-264, 273-279, 284-288, 291-301, 304-310, 313-317, 323-325, 331-371, 374, 378-404, 454-472, 487-499, 504-507, 510-519, 530-576, 581-590, 593-601, 610-658, 666-692, 695-791, 802-804, 822-830, 833-843, 853-872, 882-908, 911, 918-930, 941, 952-962, 965, 968, 971-976, 979, 982, 987-995, 998-1003, 1014-1033, 1038, 1041-1050, 1053, 1056-1074, 1078-1087, 1092-1105, 1110, 1113, 1131-1160, 1171-1181, 1184-1185, 1188, 1198-1205, 1209-1213, 1226-1233, 1242-1246, 1252-1257, 1274-1310, 1314-1318, 1326-1346, 1350-1354, 1370-1387, 1396-1407, 1411, 1431, 1438, 1456, 1476-1487, 1491-1496, 1505, 1521, 1534, 1546, 1561, 1588-1596, 1606, 1625, 1649-1670, 1674-1681
app/services/auth/service.py                               337    337     0%   8-1169
app/services/backup/__init__.py                              2      2     0%   3-5
app/services/backup/__main__.py                             33     33     0%   3-50
app/services/backup/service.py                             185    185     0%   3-494
app/services/config/__main__.py                             33     33     0%   7-62
app/services/config/config_manager.py                      533    393    26%   57-61, 72-81, 108-113, 118, 122, 124, 133-134, 139, 141, 144, 161-162, 165-174, 181, 187-227, 236-239, 243-276, 280, 284-285, 289-293, 297-303, 308-331, 338-371, 378, 382-384, 390-421, 425-458, 464-483, 487-497, 508-521, 524-534, 537-543, 546-550, 553-563, 566-574, 577-581, 584-593, 596-601, 604-610, 615-618, 624-646, 656-658, 662-739, 748-749, 753-756, 763-773, 777-788, 792-842
app/services/config/env_config.py                            9      2    78%   14, 19
app/services/config/service.py                             124     86    31%   53-59, 64-100, 104-108, 127-143, 155-161, 173-175, 190-194, 209-210, 225-229, 242-248, 263-266, 280-284, 298-306, 321-323, 327-332, 336-338, 346
app/services/db/__init__.py                                 11      4    64%   35-39
app/services/db/__main__.py                                 33     33     0%   3-52
app/services/db/manager.py                                 463    374    19%   23-25, 39-41, 78-80, 84-117, 140, 146-148, 161, 165-167, 171-178, 182-202, 206-218, 222-246, 275-277, 280-301, 304-312, 315-323, 326-333, 336-357, 360-368, 371-386, 389-397, 400-422, 425-435, 438-449, 453-461, 465-473, 479-487, 494-518, 522-533, 540-563, 567-578, 582-590, 596-613, 617-627, 631-639, 652-665, 677-701, 713-741, 745-756, 760-774
app/services/db/migration_manager.py                        65     15    77%   43, 108-127
app/services/db/rag_service.py                             318    260    18%   34-65, 75-114, 119, 141-283, 301-315, 320-321, 332, 340, 348, 358, 369, 373, 377, 397-414, 433-467, 481-518, 538-589, 611-645, 657-658, 662-668, 677, 680, 683, 688, 695, 705, 708, 711, 716, 721, 726, 729, 737-744, 749, 757-816, 820-821, 828-829, 834-835, 840-841
app/services/db/scheduler_db_service.py                    134     78    42%   22-24, 34-42, 65-67, 90-92, 104-108, 112-122, 140-142, 146-173, 177-187, 191-208, 212-230, 234-253
app/services/db/service.py                                 654    440    33%   126-136, 140-147, 155-160, 165, 188, 196, 217-222, 227, 239, 241, 247, 257, 261-265, 282, 319-320, 337-339, 343, 360-361, 392, 402-405, 418-463, 475-498, 512-546, 558-588, 600-617, 629-644, 656-673, 685-702, 714-757, 769-795, 807-840, 855-886, 899-947, 968-1002, 1026, 1037, 1062-1064, 1084-1086, 1118, 1129, 1146, 1165-1166, 1183-1185, 1208-1224, 1236-1241, 1253-1258, 1270-1275, 1287-1292, 1304-1309, 1321-1326, 1340-1352, 1364-1369, 1381-1389, 1401-1406, 1420-1436, 1448-1453, 1465-1470, 1482-1489, 1501-1506, 1518-1523, 1537-1551, 1563-1570, 1578-1595, 1609-1621, 1635-1640, 1652-1657, 1675-1699
app/services/gateway/__init__.py                            17     13    24%   32-48
app/services/gateway/__main__.py                            38     38     0%   3-52
app/services/gateway/acl/audit.py                            2      2     0%   6-8
app/services/gateway/acl/permissions.py                      2      2     0%   7-15
app/services/gateway/admin_action.py                       118    118     0%   3-299
app/services/gateway/audio_session.py                      119    119     0%   3-324
app/services/gateway/auth.py                               108     79    27%   62-65, 79, 90-96, 107-109, 120-125, 129-131, 143-145, 160, 168-169, 177, 185-186, 199-237, 275, 299-313, 344-386
app/services/gateway/auth_proxy.py                         146    146     0%   11-415
app/services/gateway/config.py                              74      8    89%   84, 102-114
app/services/gateway/dependencies.py                        20     10    50%   29-35, 41, 46, 52, 66-68
app/services/gateway/fastapi_app.py                        195    173    11%   70-477, 491-501, 512-523, 540-546, 559-585, 591, 608-611
app/services/gateway/mesh/announcer.py                      33     33     0%   7-66
app/services/gateway/mesh/capability_catalog.py            209    209     0%   3-603
app/services/gateway/mesh/capability_graph.py              133    133     0%   7-462
app/services/gateway/mesh/latency.py                        73     73     0%   8-154
app/services/gateway/mesh/negotiation.py                    89     89     0%   9-307
app/services/gateway/mesh/peer_bridge.py                    90     33    63%   58, 84-87, 135-138, 154-155, 159-163, 166, 177, 180, 191-194, 202, 221-239, 246-249
app/services/gateway/mesh/peer_registry.py                 235    107    54%   60-62, 66-70, 87-90, 102-105, 121-122, 133-136, 148-156, 179-182, 200-201, 219, 268, 291-299, 313, 317, 379, 387, 420, 423, 445, 454-462, 471-477, 512, 518-525, 531-539, 543-552, 581-595, 603-616
app/services/gateway/mesh/routing_table.py                 143     29    80%   79, 85, 93, 103, 144-150, 170, 177, 185, 189, 219, 227-235, 250-253, 302, 313, 343, 347, 361, 405, 412, 414, 440-441, 444
app/services/gateway/mesh/version_compat.py                 44     44     0%   11-136
app/services/gateway/registry_aggregator.py                208    181    13%   51-69, 76-91, 95-105, 113-114, 118-125, 129-180, 184-213, 217-239, 243-260, 264-270, 274-290, 298-332, 343-344, 352-360, 368-394, 406-408, 419-433, 442
app/services/gateway/route_generator.py                    295    295     0%   7-820
app/services/gateway/service.py                            953    953     0%   6-2214
app/services/gateway/utils/crypto.py                        70     70     0%   1-136
app/services/gateway/webrtc/rpc.py                         194     93    52%   36-38, 86-88, 96, 113-114, 119-120, 138-139, 162-163, 201-215, 268-451, 470-471, 488-501
app/services/gateway/webrtc/rtc_client.py                  825    825     0%   1-1793
app/services/orchestrator/__init__.py                        3      3     0%   10-13
app/services/orchestrator/__main__.py                       33     33     0%   3-51
app/services/orchestrator/chat_llama_cpp.py                306    306     0%   1-786
app/services/orchestrator/chat_llama_cpp_fn_handler.py     136    136     0%   1-530
app/services/orchestrator/graph.py                         158    158     0%   7-483
app/services/orchestrator/message_types.py                  12     12     0%   1-19
app/services/orchestrator/service.py                       441    441     0%   11-1418
app/services/orchestrator/state.py                           6      6     0%   1-13
app/services/orchestrator/tool_bindings.py                  89     89     0%   3-217
app/services/scheduler/__main__.py                          33     33     0%   3-51
app/services/scheduler/cron_service.py                     114     90    21%   20-26, 30-34, 61, 98, 109-126, 130-143, 147-150, 154-157, 161-164, 168-171, 175-179, 195-200, 238-260, 264-274, 289-296, 330-359
app/services/scheduler/models.py                            64     14    78%   71, 94, 108, 131, 157-163, 167, 171-174
app/services/scheduler/scheduler_manager.py                160    123    23%   37-39, 43-50, 54-65, 69-88, 98-102, 106-107, 111-161, 168-195, 199-214, 218-242, 254-270, 281-297, 301, 305, 309-312, 316-319
app/services/scheduler/service.py                          276    224    19%   68-77, 80-82, 85-87, 90-94, 97, 104-108, 117-123, 126-135, 163, 172-174, 196, 199-215, 221-225, 236-264, 268-286, 290-293, 297-302, 310-315, 328-408, 421-476, 489-532, 551-594, 620-700, 718-899, 939-965
app/services/stt_coordinator/__init__.py                     3      3     0%   7-10
app/services/stt_coordinator/__main__.py                    33     33     0%   3-51
app/services/stt_coordinator/service.py                    373    373     0%   14-868
app/services/stt_transcription/__init__.py                   2      2     0%   9-11
app/services/stt_transcription/__main__.py                  33     33     0%   3-51
app/services/stt_transcription/service.py                  445    445     0%   14-1044
app/services/stt_wakeword/__init__.py                        4      4     0%   9-23
app/services/stt_wakeword/__main__.py                       33     33     0%   3-51
app/services/stt_wakeword/backends.py                      116    116     0%   4-284
app/services/stt_wakeword/messages.py                        2      2     0%   7-14
app/services/stt_wakeword/service.py                       194    194     0%   15-539
app/services/supervisor.py                                 297    297     0%   11-606
app/services/tooling/__main__.py                            33     33     0%   3-51
app/services/tooling/mcp/mcp_client.py                     188     86    54%   34-35, 41-42, 53-54, 70-75, 78-79, 97-129, 133-140, 146, 153, 161-166, 168, 181, 186, 193-203, 210, 222-245, 258-261, 263-264, 293-296, 301, 306
app/services/tooling/mcp/mcp_discovery.py                  186    186     0%   11-410
app/services/tooling/service.py                            727    598    18%   106-116, 120-143, 147, 155-164, 170-177, 183-185, 191-205, 213, 223, 228-260, 267-291, 330, 336-346, 352-354, 371-376, 396-399, 403-407, 419-437, 447-453, 456, 463-464, 472-484, 492-509, 523-555, 559, 564-588, 594-596, 616, 635-731, 742-753, 764-776, 779-786, 789, 797, 801, 809, 813, 816-830, 834-837, 842-866, 869, 885-889, 919-925, 937-1002, 1023-1033, 1053-1059, 1068, 1093-1120, 1137-1180, 1194-1214, 1238-1319, 1324-1341, 1356-1428, 1448-1519, 1534-1616, 1642-1657, 1673-1687, 1703, 1719-1730, 1739-1767, 1790-1791, 1807-1821, 1837-1884, 1906-1975, 1999-2008, 2024-2044, 2063-2254
app/services/tooling/tools/__init__.py                       6      6     0%   6-20
app/services/tooling/tools/brave_search.py                  23     23     0%   1-52
app/services/tooling/tools/current_screen.py                 6      6     0%   1-20
app/services/tooling/tools/duckduckgo_search.py              2      2     0%   1-3
app/services/tooling/tools/gcalendar_toolkit.py              3      3     0%   1-6
app/services/tooling/tools/github_toolkit.py                 5      5     0%   1-7
app/services/tooling/tools/gmail_toolkit.py                  3      3     0%   1-6
app/services/tooling/tools/jira_toolkit.py                   5      5     0%   1-8
app/services/tooling/tools/openrecall_search.py              7      7     0%   1-25
app/services/tooling/tools/pomodoro_tool.py                151    151     0%   1-332
app/services/tooling/tools/resume_tts.py                     9      9     0%   1-26
app/services/tooling/tools/scheduler_tool.py               191    191     0%   1-556
app/services/tooling/tools/slack_toolkit.py                  3      3     0%   1-4
app/services/tooling/tools/stop_tts.py                       9      9     0%   1-26
app/services/tooling/tools/upsert_memory.py                 11     11     0%   1-44
app/services/tooling/tools_manager.py                      264    236    11%   34-39, 50-69, 73-111, 115-221, 226-264, 272-367, 379-393, 404, 412, 420, 429-456, 464-495, 518-520, 530, 545-549, 561-566, 585-605
app/services/tts/__init__.py                                 9      9     0%   9-43
app/services/tts/__main__.py                                33     33     0%   3-51
app/services/tts/piper_engine.py                            81     81     0%   1-225
app/services/tts/service.py                                218    218     0%   10-551
app/services/tts/tts_engine.py                              82     82     0%   1-165
app/shared/auth/audit.py                                    13     13     0%   6-44
app/shared/auth/identity.py                                 28      7    75%   64-66, 70, 74, 140-146
app/shared/auth/permissions.py                             114     94    18%   36-53, 83-101, 125-134, 142-146, 172-193, 247-273, 291, 320-332, 360-370, 380
app/shared/config/interface.py                             394    355    10%   52-62, 70-88, 97-113, 125-161, 175-204, 214-222, 245-318, 325-333, 382-439, 447, 461, 473-491, 504-518, 530-548, 559-577, 585-603, 610-616, 624-637, 648, 656-673, 681-696, 707-729, 737-769, 782-827
app/shared/config/keys.py                                  754      1    99%   13
app/shared/contracts/models/audio.py                         8      8     0%   3-30
app/shared/contracts/models/backup.py                      112    112     0%   3-193
app/shared/contracts/models/mesh.py                        110      1    99%   58
app/shared/contracts/models/supervisor.py                   43     43     0%   3-77
app/shared/contracts/models/tooling.py                     243      1    99%   239
app/shared/contracts/registry.py                           137     48    65%   22-23, 27-28, 168-183, 252, 258, 262, 279, 288-294, 301-306, 318, 327, 339, 348, 358-392, 404, 409-411
app/shared/crypto.py                                        25     15    40%   29, 47-51, 64-72
app/shared/mesh/tracing.py                                  34     16    53%   36, 51-57, 63-64, 68-71, 75-76
app/shared/messaging/bus_init.py                            48     38    21%   31-39, 51-53, 63, 78-82, 100-131, 148-157
app/shared/messaging/models/orchestrator_models.py          33      5    85%   64-69, 73
app/shared/messaging/models/scheduler_models.py              2      2     0%   7-9
app/shared/models/db.py                                    201     69    66%   51, 62, 73, 82, 105, 108-112, 126-129, 132, 147-155, 179-182, 185, 199, 222-225, 228, 243-246, 280, 282, 294, 316, 331-343, 392-398, 401, 404-407, 432-435, 438, 454
app/shared/path_utils.py                                    59     59     0%   7-167
app/shared/services/base_service.py                        380    303    20%   80, 89, 102-103, 119-128, 139-153, 157-175, 179-194, 204-218, 222-226, 230-232, 236-241, 252, 263, 272, 286, 294-305, 313-324, 331-346, 350-357, 361-393, 402-405, 408-410, 414-431, 435-448, 456, 464, 477-615, 619-625, 644-666, 683-761, 768-798, 806-828
app/shared/services/health.py                               17     17     0%   3-53
app/shared/services/process_launcher.py                    131    131     0%   7-286
app/ui/__init__.py                                           2      2     0%   7-9
app/ui/bridge_service.py                                   123    123     0%   10-289
--------------------------------------------------------------------------------------
TOTAL                                                    20429  13917    32%

42 files skipped due to complete coverage.
Coverage HTML written to dir htmlcov
Coverage XML written to file coverage.xml
=========================== short test summary info ============================
SKIPPED [1] tests/integration/messaging/test_bullmq_redis_roundtrip.py:16: could not import 'bullmq': No module named 'bullmq'
SKIPPED [1] tests/integration/test_auth_endpoints.py:72: Auth endpoints migrated to Auth service contracts (auto-generated)
SKIPPED [1] tests/integration/test_auth_endpoints.py:91: Auth endpoints migrated to Auth service contracts (auto-generated)
SKIPPED [1] tests/integration/test_auth_endpoints.py:103: Auth endpoints migrated to Auth service contracts (auto-generated)
SKIPPED [1] tests/integration/test_auth_endpoints.py:115: Auth endpoints migrated to Auth service contracts (auto-generated)
SKIPPED [1] tests/integration/test_auth_endpoints.py:139: Auth endpoints migrated to Auth service contracts (auto-generated)
SKIPPED [1] tests/integration/test_auth_endpoints.py:165: Auth endpoints migrated to Auth service contracts (auto-generated)
SKIPPED [1] tests/integration/test_auth_endpoints.py:177: Auth endpoints migrated to Auth service contracts (auto-generated)
SKIPPED [1] tests/integration/test_auth_endpoints.py:214: Auth endpoints migrated to Auth service contracts (auto-generated)
SKIPPED [1] tests/integration/test_auth_endpoints.py:252: Auth endpoints migrated to Auth service contracts (auto-generated)
SKIPPED [1] tests/integration/test_auth_endpoints.py:264: Auth endpoints migrated to Auth service contracts (auto-generated)
SKIPPED [1] tests/integration/test_auth_pairing_integration.py:53: Pairing endpoints migrated to Auth service contracts (auto-generated)
SKIPPED [1] tests/integration/test_auth_pairing_integration.py:97: Pairing endpoints migrated to Auth service contracts (auto-generated)
SKIPPED [1] tests/integration/test_auth_pairing_integration.py:106: Pairing endpoints migrated to Auth service contracts (auto-generated)
SKIPPED [1] tests/integration/test_auth_pairing_integration.py:118: Pairing endpoints migrated to Auth service contracts (auto-generated)
SKIPPED [1] tests/integration/test_auth_pairing_integration.py:127: Pairing endpoints migrated to Auth service contracts (auto-generated)
SKIPPED [1] tests/integration/test_principal_management.py:57: Principal endpoints migrated to Auth service contracts (auto-generated)
SKIPPED [1] tests/integration/test_principal_management.py:81: Principal endpoints migrated to Auth service contracts (auto-generated)
SKIPPED [1] tests/integration/test_principal_management.py:118: Principal endpoints migrated to Auth service contracts (auto-generated)
SKIPPED [1] tests/integration/test_principal_management.py:157: Principal endpoints migrated to Auth service contracts (auto-generated)
SKIPPED [1] tests/integration/test_principal_management.py:199: Principal endpoints migrated to Auth service contracts (auto-generated)
SKIPPED [1] tests/integration/test_process_mode.py:56: redis package not installed
SKIPPED [1] tests/integration/test_process_mode.py:84: redis package not installed
SKIPPED [1] tests/integration/test_process_mode.py:105: redis package not installed
SKIPPED [1] tests/integration/test_process_mode.py:116: redis package not installed
SKIPPED [1] tests/integration/test_process_mode.py:138: redis package not installed
SKIPPED [1] tests/integration/test_process_mode.py:145: redis package not installed
SKIPPED [1] tests/integration/test_process_mode.py:166: redis package not installed
SKIPPED [1] tests/integration/test_token_management.py:56: Token endpoints migrated to Auth service contracts (auto-generated)
SKIPPED [1] tests/integration/test_token_management.py:89: Token endpoints migrated to Auth service contracts (auto-generated)
SKIPPED [1] tests/integration/test_token_management.py:120: Token endpoints migrated to Auth service contracts (auto-generated)
SKIPPED [1] tests/integration/test_token_management.py:161: Token endpoints migrated to Auth service contracts (auto-generated)
SKIPPED [1] tests/integration/test_token_management.py:195: Token endpoints migrated to Auth service contracts (auto-generated)
SKIPPED [1] tests/integration/test_token_management.py:211: Token endpoints migrated to Auth service contracts (auto-generated)
SKIPPED [1] tests/integration/test_token_management.py:235: Token endpoints migrated to Auth service contracts (auto-generated)
SKIPPED [1] tests/integration/test_token_management.py:256: Token endpoints migrated to Auth service contracts (auto-generated)
SKIPPED [1] tests/integration/test_token_management.py:287: Token endpoints migrated to Auth service contracts (auto-generated)
70 passed, 37 skipped, 9 warnings in 17.52s
===== END pytest-integration status=0 started=2026-07-02T16:33:56Z ended=2026-07-02T16:34:16Z =====

===== START client-build =====
CMD: pnpm --filter @aurora/client build

> @aurora/client@0.1.0 build /home/developer/projects/aurora/packages/aurora-sdk
> tsc -p tsconfig.build.json

===== END client-build status=0 started=2026-07-02T16:34:16Z ended=2026-07-02T16:34:18Z =====

===== START client-test =====
CMD: pnpm --filter @aurora/client test

> @aurora/client@0.1.0 test /home/developer/projects/aurora/packages/aurora-sdk
> vitest run --environment node


 RUN  v4.1.9 /home/developer/projects/aurora/packages/aurora-sdk


 Test Files  4 passed (4)
      Tests  107 passed (107)
   Start at  16:34:19
   Duration  4.04s (transform 1.49s, setup 0ms, import 1.79s, tests 3.60s, environment 0ms)

===== END client-test status=0 started=2026-07-02T16:34:18Z ended=2026-07-02T16:34:23Z =====

===== START ui-typecheck =====
CMD: pnpm --filter @aurora/ui typecheck

> @aurora/ui@0.1.0 typecheck /home/developer/projects/aurora/packages/aurora-ui
> tsc --noEmit --incremental false

===== END ui-typecheck status=0 started=2026-07-02T16:34:23Z ended=2026-07-02T16:34:32Z =====

===== START ui-test =====
CMD: pnpm --filter @aurora/ui test

> @aurora/ui@0.1.0 test /home/developer/projects/aurora/packages/aurora-ui
> pnpm --dir ../.. --filter @aurora/client build && vitest run --environment node


> @aurora/client@0.1.0 build /home/developer/projects/aurora/packages/aurora-sdk
> tsc -p tsconfig.build.json


 RUN  v4.1.9 /home/developer/projects/aurora/packages/aurora-ui


 Test Files  18 passed (18)
      Tests  170 passed (170)
   Start at  16:34:35
   Duration  15.28s (transform 12.75s, setup 0ms, import 23.85s, tests 15.87s, environment 1.50s)

===== END ui-test status=0 started=2026-07-02T16:34:32Z ended=2026-07-02T16:34:50Z =====

===== START web-typecheck =====
CMD: pnpm --filter @aurora/web typecheck

> @aurora/web@0.1.0 typecheck /home/developer/projects/aurora/apps/aurora-web
> tsc --noEmit --incremental false

===== END web-typecheck status=0 started=2026-07-02T16:34:50Z ended=2026-07-02T16:34:57Z =====

===== START web-test =====
CMD: pnpm --filter @aurora/web test

> @aurora/web@0.1.0 test /home/developer/projects/aurora/apps/aurora-web
> vitest run --environment node


 RUN  v4.1.9 /home/developer/projects/aurora/apps/aurora-web


 Test Files  3 passed (3)
      Tests  7 passed (7)
   Start at  16:34:58
   Duration  1.22s (transform 1.64s, setup 0ms, import 2.53s, tests 75ms, environment 0ms)

===== END web-test status=0 started=2026-07-02T16:34:57Z ended=2026-07-02T16:35:00Z =====

===== START web-build =====
CMD: pnpm --filter @aurora/web build

> @aurora/web@0.1.0 build /home/developer/projects/aurora/apps/aurora-web
> next build

▲ Next.js 16.2.6 (Turbopack)

  Creating an optimized production build ...
✓ Compiled successfully in 3.2s
  Running TypeScript ...
  Finished TypeScript in 7.9s ...
  Collecting page data using 11 workers ...
  Generating static pages using 11 workers (0/24) ...
  Generating static pages using 11 workers (6/24)
  Generating static pages using 11 workers (12/24)
  Generating static pages using 11 workers (18/24)
✓ Generating static pages using 11 workers (24/24) in 762ms
  Finalizing page optimization ...

Route (app)
┌ ○ /
├ ○ /_not-found
├ ○ /admin
├ ○ /admin/access
├ ○ /admin/audit
├ ○ /admin/backups
├ ○ /admin/config
├ ○ /admin/contracts
├ ○ /admin/devices
├ ○ /admin/pairing
├ ○ /admin/plugins
├ ○ /admin/scheduler
├ ○ /admin/services
├ ○ /admin/tokens
├ ○ /diagnostics
├ ○ /memory
├ ○ /memory/policy
├ ○ /mesh
├ ○ /models
├ ○ /onboarding
├ ○ /settings
├ ○ /settings/native
└ ○ /tools


○  (Static)  prerendered as static content

===== END web-build status=0 started=2026-07-02T16:35:00Z ended=2026-07-02T16:35:14Z =====

===== START tauri-ui-typecheck =====
CMD: pnpm --filter @aurora/tauri-ui typecheck

> @aurora/tauri-ui@0.1.0 typecheck /home/developer/projects/aurora/apps/aurora-tauri
> tsc --noEmit --incremental false

===== END tauri-ui-typecheck status=0 started=2026-07-02T16:35:14Z ended=2026-07-02T16:35:22Z =====

===== START tauri-ui-test =====
CMD: pnpm --filter @aurora/tauri-ui test

> @aurora/tauri-ui@0.1.0 test /home/developer/projects/aurora/apps/aurora-tauri
> vitest run --environment jsdom src


 RUN  v4.1.9 /home/developer/projects/aurora/apps/aurora-tauri


 Test Files  5 passed (5)
      Tests  54 passed (54)
   Start at  16:35:23
   Duration  6.82s (transform 1.33s, setup 0ms, import 1.83s, tests 4.50s, environment 3.47s)

===== END tauri-ui-test status=0 started=2026-07-02T16:35:22Z ended=2026-07-02T16:35:30Z =====

===== START tauri-e2e-routes =====
CMD: pnpm --filter @aurora/tauri-ui test:e2e:routes

> @aurora/tauri-ui@0.1.0 test:e2e:routes /home/developer/projects/aurora/apps/aurora-tauri
> pnpm test:e2e:routes:vitest && pnpm test:e2e:routes:playwright


> @aurora/tauri-ui@0.1.0 test:e2e:routes:vitest /home/developer/projects/aurora/apps/aurora-tauri
> vitest run --environment jsdom src/aurora-client.test.tsx -t "e2e:routes"


 RUN  v4.1.9 /home/developer/projects/aurora/apps/aurora-tauri


 Test Files  1 passed (1)
      Tests  9 passed | 26 skipped (35)
   Start at  16:35:31
   Duration  4.30s (transform 1.12s, setup 0ms, import 1.47s, tests 2.15s, environment 542ms)


> @aurora/tauri-ui@0.1.0 test:e2e:routes:playwright /home/developer/projects/aurora/apps/aurora-tauri
> playwright test --config playwright.config.ts tests/playwright/route-crawl.spec.ts

[WebServer] (node:2485602) Warning: The 'NO_COLOR' env is ignored due to the 'FORCE_COLOR' env being set.
[WebServer] (Use `node --trace-warnings ...` to show where the warning was created)
[WebServer] (node:2485616) Warning: The 'NO_COLOR' env is ignored due to the 'FORCE_COLOR' env being set.
[WebServer] (Use `node --trace-warnings ...` to show where the warning was created)

Running 4 tests using 1 worker

(node:2485653) Warning: The 'NO_COLOR' env is ignored due to the 'FORCE_COLOR' env being set.
(Use `node --trace-warnings ...` to show where the warning was created)
  ✓  1 tests/playwright/route-crawl.spec.ts:117:3 › Aurora Tauri Playwright route crawl › captures desktop and mobile cockpit shell screenshots instead of a raw dashboard (3.3s)
  ✓  2 tests/playwright/route-crawl.spec.ts:174:3 › Aurora Tauri Playwright route crawl › supports keyboard focus through desktop nav and mobile menu sheet (1.8s)
  ✓  3 tests/playwright/route-crawl.spec.ts:202:3 › Aurora Tauri Playwright route crawl › production-crawls all primary routes without console, HTTP, placeholder, or landmark regressions (12.5s)
  ✓  4 tests/playwright/route-crawl.spec.ts:238:3 › Aurora Tauri Playwright route crawl › captures desktop screenshots for every primary route with stable route evidence (20.0s)

  4 passed (40.2s)
===== END tauri-e2e-routes status=0 started=2026-07-02T16:35:30Z ended=2026-07-02T16:36:17Z =====

===== START tauri-e2e-assistant =====
CMD: pnpm --filter @aurora/tauri-ui test:e2e:assistant

> @aurora/tauri-ui@0.1.0 test:e2e:assistant /home/developer/projects/aurora/apps/aurora-tauri
> vitest run --environment jsdom src/aurora-client.test.tsx -t "e2e:assistant"


 RUN  v4.1.9 /home/developer/projects/aurora/apps/aurora-tauri


 Test Files  1 passed (1)
      Tests  3 passed | 32 skipped (35)
   Start at  16:36:18
   Duration  3.34s (transform 1.13s, setup 0ms, import 1.48s, tests 1.16s, environment 564ms)

===== END tauri-e2e-assistant status=0 started=2026-07-02T16:36:17Z ended=2026-07-02T16:36:21Z =====

===== START tauri-e2e-admin =====
CMD: pnpm --filter @aurora/tauri-ui test:e2e:admin

> @aurora/tauri-ui@0.1.0 test:e2e:admin /home/developer/projects/aurora/apps/aurora-tauri
> vitest run --environment jsdom src/aurora-client.test.tsx -t "e2e:admin"


 RUN  v4.1.9 /home/developer/projects/aurora/apps/aurora-tauri


 Test Files  1 passed (1)
      Tests  1 passed | 34 skipped (35)
   Start at  16:36:22
   Duration  2.79s (transform 1.23s, setup 0ms, import 1.63s, tests 361ms, environment 646ms)

===== END tauri-e2e-admin status=0 started=2026-07-02T16:36:21Z ended=2026-07-02T16:36:25Z =====

===== START tauri-e2e-runtime =====
CMD: pnpm --filter @aurora/tauri-ui test:e2e:runtime

> @aurora/tauri-ui@0.1.0 test:e2e:runtime /home/developer/projects/aurora/apps/aurora-tauri
> vitest run --environment jsdom src/aurora-client.test.tsx -t "e2e:runtime"


 RUN  v4.1.9 /home/developer/projects/aurora/apps/aurora-tauri


 Test Files  1 passed (1)
      Tests  11 passed | 24 skipped (35)
   Start at  16:36:26
   Duration  4.17s (transform 1.19s, setup 0ms, import 1.55s, tests 1.92s, environment 542ms)

===== END tauri-e2e-runtime status=0 started=2026-07-02T16:36:25Z ended=2026-07-02T16:36:30Z =====

===== START cargo-check =====
CMD: cargo check --manifest-path apps/aurora-tauri/src-tauri/Cargo.toml
warning: unused variable: `native`
    --> src/lib.rs:1550:5
     |
1550 |     native: State<'_, AuroraMobileNativePlugin<tauri::Wry>>,
     |     ^^^^^^ help: if this is intentional, prefix it with an underscore: `_native`
     |
     = note: `#[warn(unused_variables)]` (part of `#[warn(unused)]`) on by default

warning: unused variable: `native`
    --> src/lib.rs:1595:5
     |
1595 |     native: State<'_, AuroraMobileNativePlugin<tauri::Wry>>,
     |     ^^^^^^ help: if this is intentional, prefix it with an underscore: `_native`

warning: unused variable: `native`
    --> src/lib.rs:1638:5
     |
1638 |     native: State<'_, AuroraMobileNativePlugin<tauri::Wry>>,
     |     ^^^^^^ help: if this is intentional, prefix it with an underscore: `_native`

warning: unused variable: `api`
    --> src/lib.rs:2360:22
     |
2360 |         .setup(|app, api| {
     |                      ^^^ help: if this is intentional, prefix it with an underscore: `_api`

warning: constant `UPDATER_ENDPOINT` is never used
  --> src/lib.rs:29:7
   |
29 | const UPDATER_ENDPOINT: &str =
   |       ^^^^^^^^^^^^^^^^
   |
   = note: `#[warn(dead_code)]` (part of `#[warn(unused)]`) on by default

warning: field `handle` is never read
   --> src/lib.rs:300:5
    |
299 | struct AuroraMobileNativePlugin<R: tauri::Runtime> {
    |        ------------------------ field in this struct
300 |     handle: Option<tauri::plugin::PluginHandle<R>>,
    |     ^^^^^^

warning: variant `AuroraMobileNativePlugin` is never constructed
   --> src/lib.rs:478:5
    |
468 | enum AuroraCommandError {
    |      ------------------ variant in this enum
...
478 |     AuroraMobileNativePlugin(String),
    |     ^^^^^^^^^^^^^^^^^^^^^^^^
    |
    = note: `AuroraCommandError` has a derived impl for the trait `Debug`, but this is intentionally ignored during dead code analysis

warning: function `log_android_native_plugin_payload` is never used
    --> src/lib.rs:1218:4
     |
1218 | fn log_android_native_plugin_payload(payload: &Value) {
     |    ^^^^^^^^^^^^^^^^^^^^^^^^^^^^^^^^^

warning: function `log_ios_native_plugin_payload` is never used
    --> src/lib.rs:1242:4
     |
1242 | fn log_ios_native_plugin_payload(command: &str, payload: &Value) {
     |    ^^^^^^^^^^^^^^^^^^^^^^^^^^^^^

warning: function `chunk_string_for_logcat` is never used
    --> src/lib.rs:1432:4
     |
1432 | fn chunk_string_for_logcat(value: &str, max_bytes: usize) -> Vec<&str> {
     |    ^^^^^^^^^^^^^^^^^^^^^^^

warning: `aurora-tauri` (lib) generated 10 warnings (run `cargo fix --lib -p aurora-tauri` to apply 4 suggestions)
    Finished `dev` profile [unoptimized + debuginfo] target(s) in 0.35s
===== END cargo-check status=0 started=2026-07-02T16:36:30Z ended=2026-07-02T16:36:31Z =====

===== START tauri-smoke-linux =====
CMD: pnpm --filter @aurora/tauri-ui tauri:smoke:linux

> @aurora/tauri-ui@0.1.0 tauri:smoke:linux /home/developer/projects/aurora/apps/aurora-tauri
> pnpm test:ci-regression-gates


> @aurora/tauri-ui@0.1.0 test:ci-regression-gates /home/developer/projects/aurora/apps/aurora-tauri
> pnpm test:e2e:routes && pnpm test:e2e:assistant && pnpm test:e2e:admin && pnpm test:e2e:runtime && pnpm test:e2e:outcomes && pnpm test:dev-bootstrap && pnpm test:ci-native-evidence && pnpm test:service-boundary


> @aurora/tauri-ui@0.1.0 test:e2e:routes /home/developer/projects/aurora/apps/aurora-tauri
> pnpm test:e2e:routes:vitest && pnpm test:e2e:routes:playwright


> @aurora/tauri-ui@0.1.0 test:e2e:routes:vitest /home/developer/projects/aurora/apps/aurora-tauri
> vitest run --environment jsdom src/aurora-client.test.tsx -t "e2e:routes"


 RUN  v4.1.9 /home/developer/projects/aurora/apps/aurora-tauri


 Test Files  1 passed (1)
      Tests  9 passed | 26 skipped (35)
   Start at  16:36:33
   Duration  4.42s (transform 1.18s, setup 0ms, import 1.57s, tests 2.11s, environment 584ms)


> @aurora/tauri-ui@0.1.0 test:e2e:routes:playwright /home/developer/projects/aurora/apps/aurora-tauri
> playwright test --config playwright.config.ts tests/playwright/route-crawl.spec.ts


Running 4 tests using 1 worker

(node:2488704) Warning: The 'NO_COLOR' env is ignored due to the 'FORCE_COLOR' env being set.
(Use `node --trace-warnings ...` to show where the warning was created)
  ✓  1 tests/playwright/route-crawl.spec.ts:117:3 › Aurora Tauri Playwright route crawl › captures desktop and mobile cockpit shell screenshots instead of a raw dashboard (2.8s)
  ✓  2 tests/playwright/route-crawl.spec.ts:174:3 › Aurora Tauri Playwright route crawl › supports keyboard focus through desktop nav and mobile menu sheet (1.9s)
  ✓  3 tests/playwright/route-crawl.spec.ts:202:3 › Aurora Tauri Playwright route crawl › production-crawls all primary routes without console, HTTP, placeholder, or landmark regressions (11.4s)
  ✘  4 tests/playwright/route-crawl.spec.ts:238:3 › Aurora Tauri Playwright route crawl › captures desktop screenshots for every primary route with stable route evidence (6.8s)


  1) tests/playwright/route-crawl.spec.ts:238:3 › Aurora Tauri Playwright route crawl › captures desktop screenshots for every primary route with stable route evidence

    Error: page.goto: net::ERR_CONNECTION_REFUSED at http://127.0.0.1:1420/admin/access
    Call log:
      - navigating to "http://127.0.0.1:1420/admin/access", waiting until "load"


      242 |
      243 |     for (const route of primaryNavItems) {
    > 244 |       await page.goto(route.href)
          |                  ^
      245 |       await expect(page.locator('.aui-shell')).toBeVisible()
      246 |       await expect(page.locator('main#content')).toBeVisible()
      247 |       const oracle = getProductionRouteOracle(route.id)
        at /home/developer/projects/aurora/apps/aurora-tauri/tests/playwright/route-crawl.spec.ts:244:18

    attachment #1: screenshot (image/png) ──────────────────────────────────────────────────────────
    test-results/route-crawl-Aurora-Tauri-P-adab9--with-stable-route-evidence/test-failed-1.png
    ────────────────────────────────────────────────────────────────────────────────────────────────

    Error Context: test-results/route-crawl-Aurora-Tauri-P-adab9--with-stable-route-evidence/error-context.md

    attachment #3: trace (application/zip) ─────────────────────────────────────────────────────────
    test-results/route-crawl-Aurora-Tauri-P-adab9--with-stable-route-evidence/trace.zip
    Usage:

        pnpm exec playwright show-trace test-results/route-crawl-Aurora-Tauri-P-adab9--with-stable-route-evidence/trace.zip

    ────────────────────────────────────────────────────────────────────────────────────────────────

  1 failed
    tests/playwright/route-crawl.spec.ts:238:3 › Aurora Tauri Playwright route crawl › captures desktop screenshots for every primary route with stable route evidence
  3 passed (24.3s)
 ELIFECYCLE  Command failed with exit code 1.
 ELIFECYCLE  Command failed with exit code 1.
 ELIFECYCLE  Command failed with exit code 1.
/home/developer/projects/aurora/apps/aurora-tauri:
 ERR_PNPM_RECURSIVE_RUN_FIRST_FAIL  @aurora/tauri-ui@0.1.0 tauri:smoke:linux: `pnpm test:ci-regression-gates`
Exit status 1
===== END tauri-smoke-linux status=1 started=2026-07-02T16:36:31Z ended=2026-07-02T16:37:03Z =====

===== START tauri-dev-smoke =====
CMD: pnpm --filter @aurora/tauri-ui dev:smoke

> @aurora/tauri-ui@0.1.0 dev:smoke /home/developer/projects/aurora/apps/aurora-tauri
> node ./scripts/tauri-dev-smoke.mjs

[gateway] dev smoke probing http://127.0.0.1:8000
[tauri] dev smoke launching: pnpm --filter @aurora/tauri-ui tauri dev

> @aurora/tauri-ui@0.1.0 tauri /home/developer/projects/aurora/apps/aurora-tauri
> node ./scripts/tauri-cli.mjs dev

[tauri] dev bootstrap
[tauri] real local stack: enabled (Vite + Tauri + Rust-supervised Python sidecar)
[tauri] sidecar program: /home/developer/projects/aurora/.venv/bin/python
[tauri] sidecar args: main.py
[tauri] sidecar cwd: /home/developer/projects/aurora
[tauri] architecture mode: threads
[tauri] gateway: http://127.0.0.1:8000
     Running BeforeDevCommand (`pnpm dev`)

> @aurora/tauri-ui@0.1.0 dev /home/developer/projects/aurora/apps/aurora-tauri
> vite --host 127.0.0.1


  VITE v7.3.5  ready in 166 ms

  ➜  Local:   http://127.0.0.1:1420/
16:37:06 [vite] (client) page reload reports/e2e-outcomes/assistant-send-success.html
16:37:06 [vite] (client) page reload reports/e2e-outcomes/assistant-send-auth-error.html
16:37:06 [vite] (client) page reload reports/e2e-outcomes/assistant-stream-fallback-route-sheet.html
16:37:07 [vite] (client) page reload reports/e2e-outcomes/assistant-live-stream-tool-stop-retry-tools.html
     Running DevCommand (`cargo  run --no-default-features --color always --`)
        Info Watching /home/developer/projects/aurora/apps/aurora-tauri/src-tauri for changes...
[1m[33mwarning[0m[1m: unused variable: `native`[0m
    [1m[94m--> [0msrc/lib.rs:1550:5
     [1m[94m|[0m
[1m[94m1550[0m [1m[94m|[0m     native: State<'_, AuroraMobileNativePlugin<tauri::Wry>>,
     [1m[94m|[0m     [1m[33m^^^^^^[0m [1m[33mhelp: if this is intentional, prefix it with an underscore: `_native`[0m
     [1m[94m|[0m
     [1m[94m= [0m[1mnote[0m: `#[warn(unused_variables)]` (part of `#[warn(unused)]`) on by default

[1m[33mwarning[0m[1m: unused variable: `native`[0m
    [1m[94m--> [0msrc/lib.rs:1595:5
     [1m[94m|[0m
[1m[94m1595[0m [1m[94m|[0m     native: State<'_, AuroraMobileNativePlugin<tauri::Wry>>,
     [1m[94m|[0m     [1m[33m^^^^^^[0m [1m[33mhelp: if this is intentional, prefix it with an underscore: `_native`[0m

[1m[33mwarning[0m[1m: unused variable: `native`[0m
    [1m[94m--> [0msrc/lib.rs:1638:5
     [1m[94m|[0m
[1m[94m1638[0m [1m[94m|[0m     native: State<'_, AuroraMobileNativePlugin<tauri::Wry>>,
     [1m[94m|[0m     [1m[33m^^^^^^[0m [1m[33mhelp: if this is intentional, prefix it with an underscore: `_native`[0m

[1m[33mwarning[0m[1m: unused variable: `api`[0m
    [1m[94m--> [0msrc/lib.rs:2360:22
     [1m[94m|[0m
[1m[94m2360[0m [1m[94m|[0m         .setup(|app, api| {
     [1m[94m|[0m                      [1m[33m^^^[0m [1m[33mhelp: if this is intentional, prefix it with an underscore: `_api`[0m

[1m[33mwarning[0m[1m: constant `UPDATER_ENDPOINT` is never used[0m
  [1m[94m--> [0msrc/lib.rs:29:7
   [1m[94m|[0m
[1m[94m29[0m [1m[94m|[0m const UPDATER_ENDPOINT: &str =
   [1m[94m|[0m       [1m[33m^^^^^^^^^^^^^^^^[0m
   [1m[94m|[0m
   [1m[94m= [0m[1mnote[0m: `#[warn(dead_code)]` (part of `#[warn(unused)]`) on by default

[1m[33mwarning[0m[1m: field `handle` is never read[0m
   [1m[94m--> [0msrc/lib.rs:300:5
    [1m[94m|[0m
[1m[94m299[0m [1m[94m|[0m struct AuroraMobileNativePlugin<R: tauri::Runtime> {
    [1m[94m|[0m        [1m[94m------------------------[0m [1m[94mfield in this struct[0m
[1m[94m300[0m [1m[94m|[0m     handle: Option<tauri::plugin::PluginHandle<R>>,
    [1m[94m|[0m     [1m[33m^^^^^^[0m

[1m[33mwarning[0m[1m: variant `AuroraMobileNativePlugin` is never constructed[0m
   [1m[94m--> [0msrc/lib.rs:478:5
    [1m[94m|[0m
[1m[94m468[0m [1m[94m|[0m enum AuroraCommandError {
    [1m[94m|[0m      [1m[94m------------------[0m [1m[94mvariant in this enum[0m
[1m[94m...[0m
[1m[94m478[0m [1m[94m|[0m     AuroraMobileNativePlugin(String),
    [1m[94m|[0m     [1m[33m^^^^^^^^^^^^^^^^^^^^^^^^[0m
    [1m[94m|[0m
    [1m[94m= [0m[1mnote[0m: `AuroraCommandError` has a derived impl for the trait `Debug`, but this is intentionally ignored during dead code analysis

[1m[33mwarning[0m[1m: function `log_android_native_plugin_payload` is never used[0m
    [1m[94m--> [0msrc/lib.rs:1218:4
     [1m[94m|[0m
[1m[94m1218[0m [1m[94m|[0m fn log_android_native_plugin_payload(payload: &Value) {
     [1m[94m|[0m    [1m[33m^^^^^^^^^^^^^^^^^^^^^^^^^^^^^^^^^[0m

[1m[33mwarning[0m[1m: function `log_ios_native_plugin_payload` is never used[0m
    [1m[94m--> [0msrc/lib.rs:1242:4
     [1m[94m|[0m
[1m[94m1242[0m [1m[94m|[0m fn log_ios_native_plugin_payload(command: &str, payload: &Value) {
     [1m[94m|[0m    [1m[33m^^^^^^^^^^^^^^^^^^^^^^^^^^^^^[0m

[1m[33mwarning[0m[1m: function `chunk_string_for_logcat` is never used[0m
    [1m[94m--> [0msrc/lib.rs:1432:4
     [1m[94m|[0m
[1m[94m1432[0m [1m[94m|[0m fn chunk_string_for_logcat(value: &str, max_bytes: usize) -> Vec<&str> {
     [1m[94m|[0m    [1m[33m^^^^^^^^^^^^^^^^^^^^^^^[0m

[1m[33mwarning[0m: `aurora-tauri` (lib) generated 10 warnings (run `cargo fix --lib -p aurora-tauri` to apply 4 suggestions)
[1m[92m    Finished[0m ]8;;https://doc.rust-lang.org/cargo/reference/profiles.html#default-profiles\`dev` profile [unoptimized + debuginfo]]8;;\ target(s) in 0.30s
[1m[92m     Running[0m `target/debug/aurora-tauri`
libEGL warning: failed to open /dev/dri/renderD129: Permission denied

libEGL warning: failed to open /dev/dri/renderD128: Permission denied

libEGL warning: failed to open /dev/dri/renderD129: Permission denied

libEGL warning: failed to open /dev/dri/renderD128: Permission denied

libEGL warning: failed to open /dev/dri/card2: Permission denied

libEGL warning: failed to open /dev/dri/card1: Permission denied

Failed to open DRM node /dev/dri/renderD128: Permission denied
libEGL warning: failed to open /dev/dri/renderD129: Permission denied

libEGL warning: failed to open /dev/dri/renderD128: Permission denied

libEGL warning: failed to open /dev/dri/renderD129: Permission denied

libEGL warning: failed to open /dev/dri/renderD128: Permission denied

libEGL warning: failed to open /dev/dri/card2: Permission denied

libEGL warning: failed to open /dev/dri/card1: Permission denied

[aurora][stdout] 16:37:11 [INFO] Configuration loaded and validated from /tmp/aurora-tauri-sidecar-2489872-config.json
[aurora][stdout] 16:37:13 [WARNING] JSON Schema constraint violation at services.orchestrator.llm.local.huggingface_pipeline.options.max_tokens: None is not of type 'integer'
[aurora][stdout] 16:37:13 [WARNING] JSON Schema constraint violation at services.orchestrator.llm.local.huggingface_pipeline.options.device: None is not of type 'string'
[aurora][stdout] 16:37:13 [WARNING] JSON Schema constraint violation at services.orchestrator.llm.local.huggingface_pipeline.options.device: None is not one of ['cpu', 'cuda', 'auto']
[aurora][stdout] 16:37:13 [INFO] Migrated services.tooling.plugins.google.credentials_file from config.json to .env
[aurora][stdout] 16:37:13 [INFO] Configuration saved to /tmp/aurora-tauri-sidecar-2489872-config.json
[aurora][stdout] 16:37:13 [INFO] Initialized LocalBus (threads mode) for service
[aurora][stdout] 16:37:13 [INFO] Starting Aurora with Message Bus Architecture (CLI mode)...
[aurora][stdout] 16:37:13 [INFO] >>> Initializing supervisor...
[aurora][stdout] 16:37:13 [INFO] Initializing Aurora Supervisor...
[aurora][stdout] 16:37:13 [INFO] Initializing Aurora Supervisor...
[aurora][stdout] 16:37:13 [INFO] Architecture mode: threads
[aurora][stdout] 16:37:13 [INFO] Initializing LocalBus (thread mode)...
[aurora][stdout] 16:37:13 [INFO] LocalBus started
[aurora][stdout] 16:37:13 [INFO] LocalBus initialized
[aurora][stdout] 16:37:13 [INFO] Supervisor initialized
[aurora][stdout] 16:37:13 [INFO] ✓ Supervisor initialized
[aurora][stdout] 16:37:13 [INFO] >>> Subscribing Supervisor contracts...
[aurora][stdout] 16:37:13 [INFO] Auto-subscribed _handle_get_status to Supervisor.GetStatus
[aurora][stdout] 16:37:13 [INFO] Auto-subscribed _handle_restart_service to Supervisor.RestartService
[aurora][stdout] 16:37:13 [INFO] Auto-subscribed _handle_start_service to Supervisor.StartService
[aurora][stdout] 16:37:13 [INFO] Auto-subscribed _handle_stop_service to Supervisor.StopService
[aurora][stdout] 16:37:13 [INFO] >>> Calling supervisor.start_services()...
[aurora][stdout] 16:37:13 [INFO] Starting Aurora services...
[aurora][stdout] 16:37:13 [INFO] Starting services in threads mode...
[aurora][stderr] /home/developer/projects/aurora/app/shared/contracts/models/tooling.py:88: UserWarning: Field name "schema" in "ToolingToolInfo" shadows an attribute in parent "IOModel"
[aurora][stderr]   class ToolingToolInfo(IOModel):
[aurora][stdout] 16:37:14 [INFO] Service imports complete
[aurora][stdout] 16:37:14 [INFO] Creating service instances...
[aurora][stdout] 16:37:14 [INFO] Service instances created
[aurora][stdout] 16:37:14 [INFO] Auto-subscribed _handle_get_config to Config.Get
[aurora][stdout] 16:37:14 [INFO] Auto-subscribed _handle_get_plugin_status to Config.GetPlugin
[aurora][stdout] 16:37:14 [INFO] Auto-subscribed _handle_get_schema_metadata to Config.GetSchemaMetadata
[aurora][stdout] 16:37:14 [INFO] Auto-subscribed _handle_get_version_history to Config.GetVersionHistory
[aurora][stdout] 16:37:14 [INFO] Auto-subscribed _handle_preview_diff to Config.PreviewDiff
[aurora][stdout] 16:37:14 [INFO] Auto-subscribed _handle_preview_reload_impact to Config.PreviewReloadImpact
[aurora][stdout] 16:37:14 [INFO] Auto-subscribed _handle_reload_service to Config.ReloadService
[aurora][stdout] 16:37:14 [INFO] Auto-subscribed _handle_rollback to Config.Rollback
[aurora][stdout] 16:37:14 [INFO] Auto-subscribed _handle_update_config to Config.Set
[aurora][stdout] 16:37:14 [INFO] Auto-subscribed _handle_update_plugin_status to Config.SetPlugin
[aurora][stdout] 16:37:14 [INFO] Auto-subscribed _handle_validate_config to Config.Validate
[aurora][stdout] 16:37:14 [INFO] Starting ConfigService...
[aurora][stdout] 16:37:14 [INFO] ConfigService started
[aurora][stdout] 16:37:14 [INFO] Config active (startup)
[aurora][stdout] 16:37:14 [INFO] ✓ ConfigService started
[aurora][stdout] 16:37:14 [INFO] Starting DB service...
[aurora][stdout] 16:37:14 [INFO] Command worker started for topic: Config.Get
[aurora][stdout] 16:37:14 [INFO] Command worker started for topic: reply.GetConfigQuery.7adc4c13-f75f-4734-895d-6d470edd1d8f
[aurora][stdout] 16:37:14 [INFO] Auto-subscribed count_audit_events to DB.CountAuditEvents
[aurora][stdout] 16:37:14 [INFO] Auto-subscribed count_users to DB.CountUsers
[aurora][stdout] 16:37:14 [INFO] Auto-subscribed create_device to DB.CreateDevice
[aurora][stdout] 16:37:14 [INFO] Auto-subscribed create_token to DB.CreateToken
[aurora][stdout] 16:37:14 [INFO] Auto-subscribed create_user to DB.CreateUser
[aurora][stdout] 16:37:14 [INFO] Auto-subscribed delete_cron_job to DB.DeleteCronJob
[aurora][stdout] 16:37:14 [INFO] Auto-subscribed delete_device to DB.DeleteDevice
[aurora][stdout] 16:37:14 [INFO] Auto-subscribed delete_mesh_credential to DB.DeleteMeshCredential
[aurora][stdout] 16:37:14 [INFO] Auto-subscribed delete_user to DB.DeleteUser
[aurora][stdout] 16:37:14 [INFO] Auto-subscribed execute_sql to DB.ExecuteSQL
[aurora][stdout] 16:37:14 [INFO] Auto-subscribed get_audit_log to DB.GetAuditLog
[aurora][stdout] 16:37:14 [INFO] Auto-subscribed get_cron_jobs to DB.GetCronJobs
[aurora][stdout] 16:37:14 [INFO] Auto-subscribed get_device_by_id to DB.GetDeviceById
[aurora][stdout] 16:37:14 [INFO] Auto-subscribed get_mesh_credential_by_room to DB.GetMeshCredentialByRoom
[aurora][stdout] 16:37:14 [INFO] Auto-subscribed get_messages to DB.GetMessages
[aurora][stdout] 16:37:14 [INFO] Auto-subscribed get_messages_for_date to DB.GetMessagesForDate
[aurora][stdout] 16:37:14 [INFO] Auto-subscribed get_token_by_hash to DB.GetTokenByHash
[aurora][stdout] 16:37:14 [INFO] Auto-subscribed get_token_by_id to DB.GetTokenById
[aurora][stdout] 16:37:14 [INFO] Auto-subscribed get_user_by_id to DB.GetUserById
[aurora][stdout] 16:37:14 [INFO] Auto-subscribed get_user_by_username to DB.GetUserByUsername
[aurora][stdout] 16:37:14 [INFO] Auto-subscribed list_devices to DB.ListDevices
[aurora][stdout] 16:37:14 [INFO] Auto-subscribed list_tokens to DB.ListTokens
[aurora][stdout] 16:37:14 [INFO] Auto-subscribed list_users to DB.ListUsers
[aurora][stdout] 16:37:14 [INFO] Auto-subscribed rag_delete to DB.RAGDelete
[aurora][stdout] 16:37:14 [INFO] Auto-subscribed rag_export_namespace to DB.RAGExportNamespace
[aurora][stdout] 16:37:14 [INFO] Auto-subscribed rag_get to DB.RAGGet
[aurora][stdout] 16:37:14 [INFO] Auto-subscribed rag_get_provenance to DB.RAGGetProvenance
[aurora][stdout] 16:37:14 [INFO] Auto-subscribed rag_import_namespace to DB.RAGImportNamespace
[aurora][stdout] 16:37:14 [INFO] Auto-subscribed rag_list to DB.RAGList
[aurora][stdout] 16:37:14 [INFO] Auto-subscribed rag_list_namespaces to DB.RAGListNamespaces
[aurora][stdout] 16:37:14 [INFO] Auto-subscribed rag_search to DB.RAGSearch
[aurora][stdout] 16:37:14 [INFO] Auto-subscribed rag_search_remote to DB.RAGSearchRemote
[aurora][stdout] 16:37:14 [INFO] Auto-subscribed rag_store to DB.RAGStore
[aurora][stdout] 16:37:14 [INFO] Auto-subscribed revoke_token to DB.RevokeToken
[aurora][stdout] 16:37:14 [INFO] Auto-subscribed save_mesh_credential to DB.SaveMeshCredential
[aurora][stdout] 16:37:14 [INFO] Auto-subscribed store_cron_job to DB.SaveCronJob
[aurora][stdout] 16:37:14 [INFO] Auto-subscribed store_message to DB.SaveMessage
[aurora][stdout] 16:37:14 [INFO] Auto-subscribed update_token_scopes to DB.UpdateTokenScopes
[aurora][stdout] 16:37:14 [INFO] Auto-subscribed update_user to DB.UpdateUser
[aurora][stdout] 16:37:14 [INFO] Starting DB service...
[aurora][stdout] 16:37:14 [INFO] Initializing database at: /home/developer/projects/aurora/data/aurora.db
[aurora][stdout] 16:37:14 [INFO] No pending migrations
[aurora][stdout] 16:37:14 [INFO] Database initialization completed
[aurora][stdout] 16:37:14 [INFO] Initializing scheduler database at: /home/developer/projects/aurora/data/aurora.db
[aurora][stdout] 16:37:14 [INFO] No pending migrations
[aurora][stdout] 16:37:14 [INFO] Scheduler database initialization completed
[aurora][stdout] 16:37:14 [INFO] Initializing RAG stores for memories and tools (async)...
[aurora][stdout] 16:37:14 [INFO] Command worker started for topic: reply.GetConfigQuery.5bc580ff-a674-4583-adca-84ced22d3266
[aurora][stdout] 16:37:14 [INFO] Command worker started for topic: reply.GetConfigQuery.0d549ddf-3fac-431c-b8b5-376f7611b826
[aurora][stdout] 16:37:14 [ERROR] langchain-huggingface is required for local embeddings but not installed. Install with: pip install -e .[service-db-local-embeddings] Or build Docker image with: DB_EMBEDDINGS_MODE=local docker-compose build db-service
[aurora][stdout] 16:37:14 [WARNING] RAG stores disabled: embeddings unavailable (langchain-huggingface is required for local embeddings. Install with: pip install -e .[service-db-local-embeddings])
[aurora][stdout] 16:37:14 [INFO] DB service started
[aurora][stdout] 16:37:14 [INFO] DB active (startup)
[aurora][stdout] 16:37:14 [INFO] ✓ DB service started
[aurora][stdout] 16:37:14 [INFO] Starting Auth service...
[aurora][stdout] 16:37:14 [INFO] Command worker started for topic: reply.GetConfigQuery.869b8b4a-2311-44f9-bae3-a62ba18c8084
[aurora][stdout] 16:37:14 [INFO] Auto-subscribed handle_approve_peer to Auth.MeshApprovePeer
[aurora][stdout] 16:37:14 [INFO] Auto-subscribed handle_audit_log to Auth.AuditLog
[aurora][stdout] 16:37:14 [INFO] Auto-subscribed handle_change_password to Auth.ChangePassword
[aurora][stdout] 16:37:14 [INFO] Auto-subscribed handle_create_principal to Auth.CreatePrincipal
[aurora][stdout] 16:37:14 [INFO] Auto-subscribed handle_create_token to Auth.CreateToken
[aurora][stdout] 16:37:14 [INFO] Auto-subscribed handle_delete_device to Auth.DeleteDevice
[aurora][stdout] 16:37:14 [INFO] Auto-subscribed handle_delete_mesh_credential to Auth.DeleteMeshCredential
[aurora][stdout] 16:37:14 [INFO] Auto-subscribed handle_delete_principal to Auth.DeletePrincipal
[aurora][stdout] 16:37:14 [INFO] Auto-subscribed handle_deny_peer to Auth.MeshDenyPeer
[aurora][stdout] 16:37:14 [INFO] Auto-subscribed handle_get_peer to Auth.MeshGetPeer
[aurora][stdout] 16:37:14 [INFO] Auto-subscribed handle_get_principal to Auth.GetPrincipal
[aurora][stdout] 16:37:14 [INFO] Auto-subscribed handle_list_devices to Auth.ListDevices
[aurora][stdout] 16:37:14 [INFO] Auto-subscribed handle_list_peers to Auth.MeshListPeers
[aurora][stdout] 16:37:14 [INFO] Auto-subscribed handle_list_pending_pairings to Auth.ListPendingPairings
[aurora][stdout] 16:37:14 [INFO] Auto-subscribed handle_list_principals to Auth.ListPrincipals
[aurora][stdout] 16:37:14 [INFO] Auto-subscribed handle_list_tokens to Auth.ListTokens
[aurora][stdout] 16:37:14 [INFO] Auto-subscribed handle_load_inbound_credentials to Auth.MeshLoadInboundCredentials
[aurora][stdout] 16:37:14 [INFO] Auto-subscribed handle_load_mesh_credential to Auth.LoadMeshCredential
[aurora][stdout] 16:37:14 [INFO] Auto-subscribed handle_load_mesh_identity to Auth.LoadMeshIdentity
[aurora][stdout] 16:37:14 [INFO] Auto-subscribed handle_login to Auth.Login
[aurora][stdout] 16:37:14 [INFO] Auto-subscribed handle_logout to Auth.Logout
[aurora][stdout] 16:37:14 [INFO] Auto-subscribed handle_pairing_approve to Auth.PairingApprove
[aurora][stdout] 16:37:14 [INFO] Auto-subscribed handle_pairing_connect to Auth.PairingConnect
[aurora][stdout] 16:37:14 [INFO] Auto-subscribed handle_pairing_deny to Auth.PairingDeny
[aurora][stdout] 16:37:14 [INFO] Auto-subscribed handle_pairing_exchange to Auth.PairingExchange
[aurora][stdout] 16:37:14 [INFO] Auto-subscribed handle_pairing_start to Auth.PairingStart
[aurora][stdout] 16:37:14 [INFO] Auto-subscribed handle_patch_permissions to Auth.PatchPermissions
[aurora][stdout] 16:37:14 [INFO] Auto-subscribed handle_refresh_token to Auth.RefreshToken
[aurora][stdout] 16:37:14 [INFO] Auto-subscribed handle_remove_peer to Auth.MeshRemovePeer
[aurora][stdout] 16:37:14 [INFO] Auto-subscribed handle_revoke_token to Auth.RevokeToken
[aurora][stdout] 16:37:14 [INFO] Auto-subscribed handle_save_inbound_credential to Auth.MeshSaveInboundCredential
[aurora][stdout] 16:37:14 [INFO] Auto-subscribed handle_save_mesh_credential to Auth.SaveMeshCredential
[aurora][stdout] 16:37:14 [INFO] Auto-subscribed handle_save_mesh_identity to Auth.SaveMeshIdentity
[aurora][stdout] 16:37:14 [INFO] Auto-subscribed handle_set_permissions to Auth.SetPermissions
[aurora][stdout] 16:37:14 [INFO] Auto-subscribed handle_store_audit_event to Auth.StoreAuditEvent
[aurora][stdout] 16:37:14 [INFO] Auto-subscribed handle_update_peer_connection to Auth.MeshUpdatePeerConnection
[aurora][stdout] 16:37:14 [INFO] Auto-subscribed handle_update_peer_permissions to Auth.MeshUpdatePeerPermissions
[aurora][stdout] 16:37:14 [INFO] Auto-subscribed handle_update_principal to Auth.UpdatePrincipal
[aurora][stdout] 16:37:14 [INFO] Auto-subscribed handle_update_token_scopes to Auth.UpdateTokenScopes
[aurora][stdout] 16:37:14 [INFO] Auto-subscribed handle_upsert_peer to Auth.MeshUpsertPeer
[aurora][stdout] 16:37:14 [INFO] Auto-subscribed handle_validate_token to Auth.ValidateToken
[aurora][stdout] 16:37:14 [INFO] Auto-subscribed handle_whoami to Auth.WhoAmI
[aurora][stdout] 16:37:14 [INFO] Command worker started for topic: DB.CountUsers
[aurora][stdout] 16:37:14 [INFO] Command worker started for topic: reply.DBCountUsersRequest.72a0f00d-9864-47e0-802d-8c983bcb44e0
[aurora][stdout] 16:37:14 [INFO] Command worker started for topic: DB.GetUserByUsername
[aurora][stdout] 16:37:14 [INFO] Command worker started for topic: reply.DBGetUserByUsernameRequest.4a5c7114-6e0f-4909-909b-b449851067d4
[aurora][stdout] 16:37:14 [INFO] Command worker started for topic: DB.GetDeviceById
[aurora][stdout] 16:37:14 [INFO] Command worker started for topic: reply.DBGetDeviceByIdRequest.30de56d2-3dbb-4bd9-8841-8475511ba6c5
[aurora][stdout] 16:37:14 [INFO] Command worker started for topic: DB.GetTokenByHash
[aurora][stdout] 16:37:14 [INFO] Command worker started for topic: reply.DBGetTokenByHashRequest.10590a3f-46f7-4fc5-b3af-700ef7bfb015
[aurora][stdout] 16:37:14 [INFO] Command worker started for topic: DB.ListUsers
[aurora][stdout] 16:37:14 [INFO] Command worker started for topic: reply.DBListUsersRequest.deed5685-3b39-4e7e-a493-f1ce5d1dd013
[aurora][stdout] 16:37:14 [INFO] Command worker started for topic: reply.GetConfigQuery.6deb8b0d-77a6-4393-84f8-4d167a6d65d1
[aurora][stdout] 16:37:14 [INFO] Auth service started
[aurora][stdout] 16:37:14 [INFO] Auth active (startup)
[aurora][stdout] 16:37:14 [INFO] ✓ Auth service started
[aurora][stdout] 16:37:14 [INFO] Starting Backup service...
[aurora][stdout] 16:37:14 [INFO] Auto-subscribed create_backup to Backup.Create
[aurora][stdout] 16:37:14 [INFO] Auto-subscribed list_backups to Backup.List
[aurora][stdout] 16:37:14 [INFO] Auto-subscribed restore_backup to Backup.Restore
[aurora][stdout] 16:37:14 [INFO] Auto-subscribed rollback_restore to Backup.Rollback
[aurora][stdout] 16:37:14 [INFO] Auto-subscribed verify_backup to Backup.Verify
[aurora][stdout] 16:37:14 [INFO] BackupService started
[aurora][stdout] 16:37:14 [INFO] Backup active (startup)
[aurora][stdout] 16:37:14 [INFO] ✓ Backup service started
[aurora][stdout] 16:37:14 [INFO] Starting Tooling service...
[aurora][stdout] 16:37:14 [INFO] Command worker started for topic: reply.GetConfigQuery.806d7197-b4a1-4e2c-b1e8-cae1a8d3e85f
[aurora][stdout] 16:37:14 [INFO] Auto-subscribed _on_confirm_execution to Tooling.ConfirmExecution
[aurora][stdout] 16:37:14 [INFO] Auto-subscribed _on_execute_tool to Tooling.ExecuteTool
[aurora][stdout] 16:37:14 [INFO] Auto-subscribed _on_get_mcp_status to Tooling.GetMCPStatus
[aurora][stdout] 16:37:14 [INFO] Auto-subscribed _on_get_sharing_policy to Tooling.GetSharingPolicy
[aurora][stdout] 16:37:14 [INFO] Auto-subscribed _on_get_stats to Tooling.GetStats
[aurora][stdout] 16:37:14 [INFO] Auto-subscribed _on_get_tool_by_name to Tooling.GetToolByName
[aurora][stdout] 16:37:14 [INFO] Auto-subscribed _on_get_tool_catalog to Tooling.GetToolCatalog
[aurora][stdout] 16:37:14 [INFO] Auto-subscribed _on_get_tools to Tooling.GetTools
[aurora][stdout] 16:37:14 [INFO] Auto-subscribed _on_prepare_execution to Tooling.PrepareExecution
[aurora][stdout] 16:37:14 [INFO] Auto-subscribed _on_reload_mcp to Tooling.ReloadMCPTools
[aurora][stdout] 16:37:14 [INFO] Auto-subscribed _on_request_approval to Tooling.RequestApproval
[aurora][stdout] 16:37:14 [INFO] Auto-subscribed _on_set_sharing_policy to Tooling.SetSharingPolicy
[aurora][stdout] 16:37:14 [INFO] Auto-subscribed _on_test_sharing_policy to Tooling.TestSharingPolicy
[aurora][stdout] 16:37:14 [INFO] Starting Tooling service...
[aurora][stdout] 16:37:14 [INFO] Command worker started for topic: reply.GetConfigQuery.316edbdc-5ad5-4df4-a4fa-e700ba4b10e9
[aurora][stdout] 16:37:14 [INFO] Command worker started for topic: Auth.StoreAuditEvent
[aurora][stdout] 16:37:14 [INFO] Command worker started for topic: DB.ExecuteSQL
[aurora][stdout] 16:37:14 [INFO] Command worker started for topic: reply.DBExecuteSQLRequest.f368db3d-e048-4c93-89ba-de5218b37e04
[aurora][stdout] 16:37:14 [INFO] Command worker started for topic: reply.StoreAuditEventRequest.4cd2506d-89af-40ba-81e7-05e2de867171
[aurora][stdout] 16:37:14 [INFO] Initializing tools...
[aurora][stdout] 16:37:14 [INFO] Initializing ToolsManager...
[aurora][stdout] 16:37:14 [INFO] Loading core Aurora tools...
[aurora][stdout] 16:37:14 [INFO] Loaded 8 core tools
[aurora][stdout] 16:37:14 [INFO] Loading plugin tools...
[aurora][stdout] 16:37:14 [INFO] Command worker started for topic: reply.GetConfigQuery.c37c3d77-3a94-4e8a-84fb-4bc777a1eeed
[aurora][stdout] 16:37:14 [INFO] Command worker started for topic: reply.GetConfigQuery.5c176290-63ad-4650-9bd8-04afcc799b07
[aurora][stdout] 16:37:14 [INFO] Command worker started for topic: reply.GetConfigQuery.3fcdac99-b8cc-4707-8ec1-acc0b2f030fb
[aurora][stdout] 16:37:14 [INFO] Command worker started for topic: reply.GetConfigQuery.1428383e-b206-45d2-9842-d91e9b0b5a75
[aurora][stdout] 16:37:14 [INFO] Command worker started for topic: reply.GetConfigQuery.b7178e12-3052-4573-95aa-6d7608675fc7
[aurora][stdout] 16:37:14 [INFO] Loaded DuckDuckGo Search tool
[aurora][stdout] 16:37:14 [INFO] Command worker started for topic: reply.GetConfigQuery.69cfa798-2558-4ca8-9ec3-b1eeb1108646
[aurora][stdout] 16:37:14 [INFO] Command worker started for topic: reply.GetConfigQuery.cd75637d-e4be-413f-97f2-ed2e61cdc2e8
[aurora][stdout] 16:37:14 [INFO] Command worker started for topic: reply.GetConfigQuery.eb07a70b-b1bc-4166-a7d6-fb8e9a5f2140
[aurora][stdout] 16:37:14 [INFO] Loading MCP tools...
[aurora][stdout] 16:37:14 [INFO] Command worker started for topic: reply.GetConfigQuery.162f76b5-0755-406f-9b3e-005fb662f4b4
[aurora][stdout] 16:37:14 [INFO] Command worker started for topic: reply.GetConfigQuery.82080024-aed4-4f28-95c4-ecfe8ee08dcd
[aurora][stdout] 16:37:14 [INFO] No MCP servers configured
[aurora][stdout] 16:37:14 [INFO] Command worker started for topic: reply.GetConfigQuery.349df20e-7c98-4f5a-a630-8dbca9f060b0
[aurora][stdout] 16:37:14 [INFO] Command worker started for topic: reply.GetConfigQuery.807cd31e-f290-454b-8c2e-64e0182c6788
[aurora][stdout] 16:37:14 [INFO] No MCP servers configured
[aurora][stdout] 16:37:14 [INFO] No MCP tools loaded
[aurora][stdout] 16:37:14 [INFO] Synchronizing tools with database...
[aurora][stdout] 16:37:14 [INFO] Command worker started for topic: DB.RAGList
[aurora][stdout] 16:37:14 [INFO] Command worker started for topic: reply.DBRAGListRequest.e45021b0-cace-494f-a341-758b6eef3f5d
[aurora][stdout] 16:37:14 [INFO] Adding new tool to database: resume_tts_tool
[aurora][stdout] 16:37:14 [INFO] Adding new tool to database: stop_tts_tool
[aurora][stdout] 16:37:14 [INFO] Adding new tool to database: schedule_task_tool
[aurora][stdout] 16:37:14 [INFO] Adding new tool to database: list_scheduled_tasks_tool
[aurora][stdout] 16:37:14 [INFO] Adding new tool to database: cancel_scheduled_task_tool
[aurora][stdout] 16:37:14 [INFO] Adding new tool to database: start_pomodoro_tool
[aurora][stdout] 16:37:14 [INFO] Adding new tool to database: stop_pomodoro_tool
[aurora][stdout] 16:37:14 [INFO] Adding new tool to database: pomodoro_status_tool
[aurora][stdout] 16:37:14 [INFO] Adding new tool to database: duckduckgo_results_json
[aurora][stdout] 16:37:14 [INFO] Tool synchronization complete. Added: 9, Removed: 0
[aurora][stdout] 16:37:14 [INFO] ToolsManager initialized with 9 tools
[aurora][stdout] 16:37:14 [INFO] Tooling service started with 9 tools
[aurora][stdout] 16:37:14 [INFO] Tooling active (startup)
[aurora][stdout] 16:37:14 [INFO] ✓ Tooling service started
[aurora][stdout] 16:37:14 [INFO] Starting Scheduler service...
[aurora][stdout] 16:37:14 [INFO] Command worker started for topic: DB.RAGStore
[aurora][stdout] 16:37:14 [INFO] Command worker started for topic: reply.GetConfigQuery.411c1dbb-2cff-4371-af48-42c73c501704
[aurora][stdout] 16:37:14 [INFO] Auto-subscribed cancel_job to Scheduler.Cancel
[aurora][stdout] 16:37:14 [INFO] Auto-subscribed list_jobs to Scheduler.ListJobs
[aurora][stdout] 16:37:14 [INFO] Auto-subscribed pause_job to Scheduler.Pause
[aurora][stdout] 16:37:14 [INFO] Auto-subscribed resume_job to Scheduler.Resume
[aurora][stdout] 16:37:14 [INFO] Auto-subscribed schedule_job to Scheduler.Schedule
[aurora][stdout] 16:37:14 [INFO] Starting Scheduler service...
[aurora][stdout] 16:37:14 [INFO] Initializing scheduler database at: /home/developer/projects/aurora/data/aurora.db
[aurora][stdout] 16:37:14 [INFO] No pending migrations
[aurora][stdout] 16:37:14 [INFO] Scheduler database initialization completed
[aurora][stdout] 16:37:14 [INFO] Loaded 0 active jobs
[aurora][stdout] 16:37:14 [INFO] Scheduler initialization completed
[aurora][stdout] 16:37:14 [INFO] Scheduler started in main event loop
[aurora][stdout] 16:37:14 [INFO] Cron service initialized
[aurora][stdout] 16:37:14 [INFO] Scheduler active (startup)
[aurora][stdout] 16:37:14 [INFO] Scheduler service started
[aurora][stdout] 16:37:14 [INFO] >>> Starting streaming STT architecture (modular) if enabled <<<
[aurora][stdout] 16:37:14 [INFO] All STT services disabled; skipping optional STT imports/start
[aurora][stdout] 16:37:14 [INFO] Starting optional TTS, Orchestrator, and Gateway services...
[aurora][stdout] 16:37:14 [INFO] TTS service disabled; skipping optional TTS import/start
[aurora][stdout] 16:37:14 [INFO] Command worker started for topic: reply.GetConfigQuery.08dc08f8-c7db-450f-a34b-5788b8e9fff8
[aurora][stdout] 16:37:14 [INFO] Auto-subscribed benchmark_model to Orchestrator.BenchmarkModel
[aurora][stdout] 16:37:14 [INFO] Auto-subscribed download_model to Orchestrator.DownloadModel
[aurora][stdout] 16:37:14 [INFO] Auto-subscribed get_model_catalog to Orchestrator.GetModelCatalog
[aurora][stdout] 16:37:14 [INFO] Auto-subscribed get_model_operation to Orchestrator.GetModelOperation
[aurora][stdout] 16:37:14 [INFO] Auto-subscribed get_model_runtime to Orchestrator.GetModelRuntime
[aurora][stdout] 16:37:14 [INFO] Auto-subscribed import_model to Orchestrator.ImportModel
[aurora][stdout] 16:37:14 [INFO] Auto-subscribed ingest_context to Orchestrator.IngestContext
[aurora][stdout] 16:37:14 [INFO] Auto-subscribed interrupt_assistant to Orchestrator.Interrupt
[aurora][stdout] 16:37:14 [INFO] Auto-subscribed process_external_input to Orchestrator.ExternalUserInput
[aurora][stdout] 16:37:14 [INFO] Auto-subscribed process_tool_result to Orchestrator.ToolResult
[aurora][stdout] 16:37:14 [INFO] Auto-subscribed process_user_input to Orchestrator.UserInput
[aurora][stdout] 16:37:14 [INFO] Starting Orchestrator service...
[aurora][stdout] 16:37:14 [INFO] GraphOrchestrator initialized successfully
[aurora][stdout] 16:37:14 [INFO] Graph orchestrator initialized with bus dependency
[aurora][stdout] 16:37:14 [INFO] Orchestrator active (startup)
[aurora][stdout] 16:37:14 [INFO] Command worker started for topic: reply.GetConfigQuery.18114f31-1607-4412-8911-3f0ab495f8bc
[aurora][stdout] 16:37:14 [INFO] Auto-subscribed admin_action_confirm to Gateway.AdminActionConfirm
[aurora][stdout] 16:37:14 [INFO] Auto-subscribed admin_action_draft to Gateway.AdminActionDraft
[aurora][stdout] 16:37:14 [INFO] Auto-subscribed explain_route to Gateway.ExplainRoute
[aurora][stdout] 16:37:14 [INFO] Auto-subscribed get_capability_catalog to Gateway.GetCapabilityCatalog
[aurora][stdout] 16:37:14 [INFO] Auto-subscribed get_capability_graph to Gateway.GetCapabilityGraph
[aurora][stdout] 16:37:14 [INFO] Auto-subscribed get_deployment_topology to Gateway.GetDeploymentTopology
[aurora][stdout] 16:37:14 [INFO] Auto-subscribed get_mesh_status to Gateway.GetMeshStatus
[aurora][stdout] 16:37:14 [INFO] Auto-subscribed get_registry to Gateway.GetRegistry
[aurora][stdout] 16:37:14 [INFO] Auto-subscribed get_service_health to Gateway.GetServiceHealth
[aurora][stdout] 16:37:14 [INFO] Auto-subscribed get_services to Gateway.GetServices
[aurora][stdout] 16:37:14 [INFO] Auto-subscribed get_support_bundle to Gateway.GetSupportBundle
[aurora][stdout] 16:37:14 [INFO] Auto-subscribed get_webrtc_diagnostics to Gateway.GetWebRTCDiagnostics
[aurora][stdout] 16:37:14 [INFO] Auto-subscribed list_events to Gateway.ListEvents
[aurora][stdout] 16:37:14 [INFO] Auto-subscribed get_audio_session_events to AudioSession.ListEvents
[aurora][stdout] 16:37:14 [INFO] Auto-subscribed get_audio_session_status to AudioSession.Status
[aurora][stdout] 16:37:14 [INFO] Auto-subscribed prepare_audio_session to AudioSession.Prepare
[aurora][stdout] 16:37:14 [INFO] Auto-subscribed request_audio_session_consent to AudioSession.RequestConsent
[aurora][stdout] 16:37:14 [INFO] Auto-subscribed start_audio_session to AudioSession.Start
[aurora][stdout] 16:37:14 [INFO] Auto-subscribed stop_audio_session to AudioSession.Stop
[aurora][stdout] 16:37:14 [INFO] AudioSession active (startup)
[aurora][stdout] 16:37:14 [INFO] Command worker started for topic: reply.GetConfigQuery.ec507096-de9b-4980-8d29-7089785615db
[aurora][stdout] 16:37:14 [INFO] Command worker started for topic: reply.GetConfigQuery.5bd65d47-0b5e-41c2-b843-4fe7c5d104cf
[aurora][stdout] 16:37:14 [INFO] Command worker started for topic: reply.GetConfigQuery.8acb5271-476f-4027-8feb-a53630a5a3f6
[aurora][stdout] 16:37:14 [INFO] Command worker started for topic: reply.GetConfigQuery.683d5c6f-0045-428e-bbde-0baf5d0b7698
[aurora][stdout] 16:37:14 [INFO] Command worker started for topic: reply.GetConfigQuery.ad238102-2095-44b7-9f64-76ed9540130b
[aurora][stdout] 16:37:14 [INFO] Command worker started for topic: reply.GetConfigQuery.28031ab2-f776-4b26-b7ed-da4ee3d40727
[aurora][stdout] 16:37:14 [INFO] Command worker started for topic: reply.GetConfigQuery.82865348-df57-4cb8-9a70-0590dc8816b5
[aurora][stdout] 16:37:14 [INFO] Command worker started for topic: reply.GetConfigQuery.4986cd22-409c-40b0-9c2e-11271120f674
[aurora][stdout] 16:37:14 [INFO] Command worker started for topic: reply.GetConfigQuery.863f38b9-8c22-4580-b94b-6f515387c35e
[aurora][stdout] 16:37:14 [INFO] Command worker started for topic: reply.GetConfigQuery.c0bf2a9a-342c-41ce-989f-d34ac7e8c1c9
[aurora][stdout] 16:37:14 [INFO] Gateway authentication disabled
[aurora][stdout] 16:37:14 [INFO] Gateway started at http://127.0.0.1:8000
[aurora][stdout] 16:37:14 [INFO]   API docs: http://127.0.0.1:8000/api/docs
[aurora][stderr] INFO:     Started server process [2490284]
[aurora][stderr] INFO:     Waiting for application startup.
[aurora][stdout] 16:37:14 [INFO] Gateway API starting up...
[aurora][stdout] 16:37:14 [INFO] RegistryAggregator started in threads mode
[aurora][stdout] 16:37:15 [INFO] Loaded 10 services from local registry
[aurora][stdout] 16:37:15 [INFO] Routes regenerated: 99 routes for 10 services
[aurora][stdout] 16:37:15 [INFO] RouteGenerator started
[aurora][stdout] 16:37:15 [INFO] Gateway API started successfully
[aurora][stderr] INFO:     Application startup complete.
[aurora][stdout] 16:37:15 [INFO] Command worker started for topic: reply.GetConfigQuery.4ba310e4-196b-4df2-bb61-938f4a165ae9
[aurora][stderr] INFO:     Uvicorn running on http://127.0.0.1:8000 (Press CTRL+C to quit)
[aurora][stdout] 16:37:15 [INFO] Command worker started for topic: reply.GetConfigQuery.d27acb2c-31ea-40d6-9a5d-d208ac048d02
[aurora][stdout] 16:37:15 [INFO] Command worker started for topic: reply.GetConfigQuery.85c9468a-c306-4c21-9c1e-8e1a12324dff
[aurora][stdout] 16:37:15 [INFO] Command worker started for topic: reply.GetConfigQuery.01d3c81b-e0c5-45b4-ad48-8abe3fc22a10
[aurora][stdout] 16:37:15 [INFO] Command worker started for topic: reply.GetConfigQuery.1d6cb764-2afa-4785-949a-01ea98491d4c
[aurora][stdout] 16:37:15 [INFO] Command worker started for topic: reply.GetConfigQuery.9f6bafc0-6c49-41bb-8b37-aaa5d07816bf
[aurora][stdout] 16:37:15 [INFO] Command worker started for topic: reply.GetConfigQuery.2aa9d7f4-2b03-43c2-84dd-2d67bed8746e
[aurora][stdout] 16:37:15 [INFO] Command worker started for topic: reply.GetConfigQuery.b2c76da9-8d2c-4a8f-b986-15b253640b96
[aurora][stdout] 16:37:15 [INFO] Command worker started for topic: reply.GetConfigQuery.1a0242e7-b69b-458b-9310-d751d9ebe216
[aurora][stdout] 16:37:15 [INFO] Command worker started for topic: reply.GetConfigQuery.9fa4e790-74e2-4e5f-8287-c63df0936127
[aurora][stdout] 16:37:15 [INFO] WebRTC disabled in configuration
[aurora][stdout] 16:37:15 [INFO] Command worker started for topic: reply.GetConfigQuery.cbb4e7d8-6559-43a7-a8d3-0633ac4b2ef9
[aurora][stdout] 16:37:15 [INFO] Command worker started for topic: reply.GetConfigQuery.2196fb3e-2bf2-49f0-9734-8bbf6c50fbd3
[aurora][stdout] 16:37:15 [INFO] Command worker started for topic: reply.GetConfigQuery.d510cc21-fcff-40ef-8915-73a101d465a3
[aurora][stdout] 16:37:15 [INFO] Command worker started for topic: reply.GetConfigQuery.2c7c99fd-a6f1-4240-8838-7459162abe89
[aurora][stdout] 16:37:15 [INFO] Command worker started for topic: reply.GetConfigQuery.185908cd-b82b-4385-9fbc-62234a259d0f
[aurora][stdout] 16:37:15 [INFO] Command worker started for topic: reply.GetConfigQuery.e318556d-6b49-4e5b-a906-e9abe641b544
[aurora][stdout] 16:37:15 [INFO] Command worker started for topic: reply.GetConfigQuery.a3b77c35-01a6-49a8-86a6-e96b8be012dd
[aurora][stdout] 16:37:15 [INFO] Command worker started for topic: reply.GetConfigQuery.579e53bc-0fc6-42e2-aa0b-ce94a374dffe
[aurora][stdout] 16:37:15 [INFO] Command worker started for topic: reply.GetConfigQuery.acd78e70-fd74-4097-a8a9-1cc7ba1397ab
[aurora][stdout] 16:37:15 [INFO] Command worker started for topic: reply.GetConfigQuery.45bb94a8-66aa-49a4-90a8-cfdda8bf942c
[aurora][stdout] 16:37:15 [INFO] Gateway active (startup)
[aurora][stdout] 16:37:15 [INFO] Optional TTS, Orchestrator and Gateway startup completed
[aurora][stdout] 16:37:15 [INFO] All 8 services started successfully
[aurora][stdout] 16:37:15 [INFO] ✓ All services started!
[aurora][stdout] 16:37:15 [INFO] >>> Subscribing to config changes...
[aurora][stdout] 16:37:15 [INFO] ✓ Config change subscription active
[aurora][stdout] 16:37:15 [INFO] Command worker started for topic: reply.GetConfigQuery.de0c6bdc-5845-40dc-a3f1-549b4955b1ca
[aurora][stdout] 16:37:15 [INFO] TTS startup greeting skipped because TTS.Request is not registered
[aurora][stdout] 16:37:15 [INFO] Aurora Supervisor running...
[aurora][stdout] 16:37:15 [INFO] Signal handlers registered
[gateway] /api/health ready (200)
[aurora][stdout] INFO:     127.0.0.1:37444 - "GET /api/health HTTP/1.1" 200 OK
[gateway] /api/registry ready (200)
[aurora][stdout] INFO:     127.0.0.1:37458 - "GET /api/registry HTTP/1.1" 200 OK
[aurora][stdout] INFO:     127.0.0.1:37462 - "GET /api/services HTTP/1.1" 200 OK
[gateway] /api/services ready (200)
[tauri] dev smoke report: /home/developer/projects/aurora/apps/aurora-tauri/reports/tauri-dev-smoke.json
===== END tauri-dev-smoke status=0 started=2026-07-02T16:37:03Z ended=2026-07-02T16:37:16Z =====

===== START android-preflight =====
CMD: pnpm --filter @aurora/tauri-ui android:preflight

> @aurora/tauri-ui@0.1.0 android:preflight /home/developer/projects/aurora/apps/aurora-tauri
> node ./scripts/android-preflight.mjs

Android preflight report: apps/aurora-tauri/reports/android-preflight.json
Checks: 5 passed, 2 blocked
===== END android-preflight status=0 started=2026-07-02T16:37:16Z ended=2026-07-02T16:37:17Z =====

===== START ios-policy =====
CMD: pnpm --filter @aurora/tauri-ui ios:policy

> @aurora/tauri-ui@0.1.0 ios:policy /home/developer/projects/aurora/apps/aurora-tauri
> node ./scripts/ios-preflight.mjs --policy-only

iOS preflight passed: policy checks
===== END ios-policy status=0 started=2026-07-02T16:37:17Z ended=2026-07-02T16:37:18Z =====

===== START ios-preflight-strict-expected-linux-blocker =====
CMD: pnpm --filter @aurora/tauri-ui ios:preflight

> @aurora/tauri-ui@0.1.0 ios:preflight /home/developer/projects/aurora/apps/aurora-tauri
> node ./scripts/ios-preflight.mjs --require-macos --require-ios-project

iOS build/signing gates require macOS with Xcode
/home/developer/projects/aurora/apps/aurora-tauri:
 ERR_PNPM_RECURSIVE_RUN_FIRST_FAIL  @aurora/tauri-ui@0.1.0 ios:preflight: `node ./scripts/ios-preflight.mjs --require-macos --require-ios-project`
Exit status 1
===== END ios-preflight-strict-expected-linux-blocker status=1 started=2026-07-02T16:37:18Z ended=2026-07-02T16:37:18Z =====

===== START make-lint =====
CMD: make lint
Running linting checks...
ruff check app tests scripts
All checks passed!
===== END make-lint status=0 started=2026-07-02T16:37:18Z ended=2026-07-02T16:37:19Z =====

===== START make-unit =====
CMD: make unit
Running unit tests...
uv run pytest tests/unit
/home/developer/projects/aurora/.venv/lib/python3.11/site-packages/pytest_asyncio/plugin.py:247: PytestDeprecationWarning: The configuration option "asyncio_default_fixture_loop_scope" is unset.
The event loop scope for asynchronous fixtures will default to the fixture caching scope. Future versions of pytest-asyncio will default the loop scope for asynchronous fixtures to function scope. Set the default fixture loop scope explicitly in order to avoid unexpected behavior in the future. Valid fixture loop scopes are: "function", "class", "module", "package", "session"

  warnings.warn(PytestDeprecationWarning(_DEFAULT_FIXTURE_LOOP_SCOPE_UNSET))
============================= test session starts ==============================
platform linux -- Python 3.11.14, pytest-8.3.5, pluggy-1.6.0
benchmark: 5.2.3 (defaults: timer=time.perf_counter disable_gc=False min_rounds=5 min_time=0.000005 max_time=1.0 calibration_precision=10 warmup=False warmup_iterations=100000)
rootdir: /home/developer/projects/aurora
configfile: pytest.ini
plugins: metadata-3.1.1, clarity-1.0.1, cov-7.0.0, typeguard-4.5.1, xdist-3.8.0, benchmark-5.2.3, langsmith-0.3.8, sugar-1.1.1, anyio-4.12.0, asyncio-1.3.0, playwright-0.7.2, Faker-39.0.0, mock-3.15.1, timeout-2.4.0, html-4.1.1, base-url-2.1.0
asyncio: mode=Mode.AUTO, debug=False, asyncio_default_fixture_loop_scope=None, asyncio_default_test_loop_scope=function
timeout: 300.0s
timeout method: signal
timeout func_only: False
collected 960 items

tests/unit/app/config/test_config_manager.py .................           [  1%]
tests/unit/app/config/test_config_persistence_runtime.py ...             [  2%]
tests/unit/app/config/test_config_semantic.py ..                         [  2%]
tests/unit/app/config/test_field_metadata.py ........                    [  3%]
tests/unit/app/config/test_file_fields.py .......                        [  3%]
tests/unit/app/config/test_mesh_sharing_schema.py .....                  [  4%]
tests/unit/app/database/test_database_manager.py .........               [  5%]
tests/unit/app/database/test_db_models.py ............                   [  6%]
tests/unit/app/messaging/test_bullmq_bus.py .........................    [  9%]
tests/unit/app/messaging/test_local_bus_extended.py ..............       [ 10%]
tests/unit/app/messaging/test_messaging.py ........                      [ 11%]
tests/unit/app/scheduler/test_scheduler_admin_contracts.py ......        [ 12%]
tests/unit/app/scheduler/test_scheduler_manager.py ......                [ 12%]
tests/unit/app/scheduler/test_scheduler_models.py .....                  [ 13%]
tests/unit/app/scheduler/test_scheduler_remote_policy.py .......         [ 13%]
tests/unit/app/services/test_base_service_runtime_lifecycle.py ..        [ 14%]
tests/unit/app/speech_to_text/test_ambient_transcription_no_deps.py .... [ 14%]
.........                                                                [ 15%]
tests/unit/app/speech_to_text/test_ambient_transcription_simple.py ..... [ 16%]
.........                                                                [ 16%]
tests/unit/app/speech_to_text/test_stt_simple.py ...                     [ 17%]
tests/unit/app/test_gateway.py ..................                        [ 19%]
tests/unit/app/text_to_speech/test_tts_simple.py .                       [ 19%]
tests/unit/app/ui/test_uibridge_migration_contract.py ....               [ 19%]
tests/unit/auth/test_auth_service_contracts.py .                         [ 19%]
tests/unit/contracts/test_registry.py .......                            [ 20%]
tests/unit/db/test_rag_service.py .............                          [ 21%]
tests/unit/db/test_service.py ....................                       [ 23%]
tests/unit/gateway/test_acl_identity.py ..........................       [ 26%]
tests/unit/gateway/test_acl_permissions.py ............................. [ 29%]
..                                                                       [ 29%]
tests/unit/gateway/test_audio_session_contracts.py ...                   [ 30%]
tests/unit/gateway/test_audit.py ......                                  [ 30%]
tests/unit/gateway/test_auth_public_bypass.py ..................         [ 32%]
tests/unit/gateway/test_auth_service.py ................................ [ 36%]
....                                                                     [ 36%]
tests/unit/gateway/test_backend_inventory.py .........                   [ 37%]
tests/unit/gateway/test_capability_catalog.py ........                   [ 38%]
tests/unit/gateway/test_capability_graph.py .....                        [ 38%]
tests/unit/gateway/test_config_reload.py ......                          [ 39%]
tests/unit/gateway/test_crypto.py ......                                 [ 40%]
tests/unit/gateway/test_encrypted_presence.py .....                      [ 40%]
tests/unit/gateway/test_event_stream_route.py .....                      [ 41%]
tests/unit/gateway/test_gateway_config_mesh_policy.py ..                 [ 41%]
tests/unit/gateway/test_latency_monitor.py ..........                    [ 42%]
tests/unit/gateway/test_mesh_bus.py .......................              [ 44%]
tests/unit/gateway/test_mesh_diagnostics.py .....                        [ 45%]
tests/unit/gateway/test_mesh_models.py ..................                [ 47%]
tests/unit/gateway/test_mesh_observability.py ..............             [ 48%]
tests/unit/gateway/test_negotiation.py ................                  [ 50%]
tests/unit/gateway/test_peer_bridge.py ............                      [ 51%]
tests/unit/gateway/test_peer_registry.py ............................... [ 54%]
..                                                                       [ 54%]
tests/unit/gateway/test_principal_routes.py ssssssssssss                 [ 56%]
tests/unit/gateway/test_room_autogen.py ....                             [ 56%]
tests/unit/gateway/test_route_generator_adminaction.py .........         [ 57%]
tests/unit/gateway/test_routing_table.py ............................    [ 60%]
tests/unit/gateway/test_rpc.py ........................                  [ 62%]
tests/unit/gateway/test_rpc_handler_auth.py .....                        [ 63%]
tests/unit/gateway/test_rtc_auth_enforcement.py ..............           [ 64%]
tests/unit/gateway/test_rtc_client_auth.py ...............               [ 66%]
tests/unit/gateway/test_rtc_client_e2ee.py ....                          [ 66%]
tests/unit/gateway/test_rtc_client_lifecycle.py ............             [ 68%]
tests/unit/gateway/test_token_routes.py ssssssss                         [ 68%]
tests/unit/gateway/test_version_compat.py .............................. [ 72%]
...                                                                      [ 72%]
tests/unit/orchestrator/test_chatbot.py .........                        [ 73%]
tests/unit/orchestrator/test_context_ingestion_contracts.py .....        [ 73%]
tests/unit/orchestrator/test_graph.py ..............                     [ 75%]
tests/unit/orchestrator/test_mock_graph_simple.py ...                    [ 75%]
tests/unit/orchestrator/test_model_runtime_contracts.py ...              [ 75%]
tests/unit/orchestrator/test_service.py ................................ [ 79%]
                                                                         [ 79%]
tests/unit/orchestrator/test_tool_bindings.py .....                      [ 79%]
tests/unit/scripts/test_config_to_docker_env.py ...                      [ 80%]
tests/unit/scripts/test_config_updater_room_invite.py ......             [ 80%]
tests/unit/services/test_backup_service.py ....                          [ 81%]
tests/unit/services/test_config_admin_contracts.py ......                [ 81%]
tests/unit/services/test_gateway_webrtc.py FE..                          [ 82%]
tests/unit/services/test_supervisor.py ............                      [ 83%]
tests/unit/stt_audio_input/test_service.py ssssssssssssssssss            [ 85%]
tests/unit/stt_coordinator/test_service.py .......s.                     [ 86%]
tests/unit/stt_transcription/test_audio_session_policy.py .....          [ 86%]
tests/unit/stt_transcription/test_service.py ........................... [ 89%]
.......                                                                  [ 90%]
tests/unit/stt_wakeword/test_audio_session_policy.py .....               [ 90%]
tests/unit/stt_wakeword/test_service.py ...........................      [ 93%]
tests/unit/test_gateway_main.py .                                        [ 93%]
tests/unit/tooling/test_mcp_client.py ...........                        [ 94%]
tests/unit/tooling/test_service.py ..................................... [ 98%]
............./home/developer/.local/share/uv/python/cpython-3.11.14-linux-x86_64-gnu/lib/python3.11/ast.py:50: RuntimeWarning: coroutine 'AsyncMockMixin._execute_mock_call' was never awaited
  return compile(source, filename, mode, flags,
RuntimeWarning: Enable tracemalloc to get the object allocation traceback
                                                            [100%]Cleaned test database: /home/developer/projects/aurora/tests/test_scheduler.db


==================================== ERRORS ====================================
________ ERROR at teardown of test_gateway_service_starts_stops_webrtc _________

fut = <Future finished exception=SystemExit(1)>, timeout = 5.0

    async def wait_for(fut, timeout):
        """Wait for the single Future or coroutine to complete, with timeout.

        Coroutine will be wrapped in Task.

        Returns result of the Future or coroutine.  When a timeout occurs,
        it cancels the task and raises TimeoutError.  To avoid the task
        cancellation, wrap it in shield().

        If the wait is cancelled, the task is also cancelled.

        This function is a coroutine.
        """
        loop = events.get_running_loop()

        if timeout is None:
            return await fut

        if timeout <= 0:
            fut = ensure_future(fut, loop=loop)

            if fut.done():
                return fut.result()

            await _cancel_and_wait(fut, loop=loop)
            try:
                return fut.result()
            except exceptions.CancelledError as exc:
                raise exceptions.TimeoutError() from exc

        waiter = loop.create_future()
        timeout_handle = loop.call_later(timeout, _release_waiter, waiter)
        cb = functools.partial(_release_waiter, waiter)

        fut = ensure_future(fut, loop=loop)
        fut.add_done_callback(cb)

        try:
            # wait until the future completes or the timeout
            try:
>               await waiter
E               asyncio.exceptions.CancelledError

../../.local/share/uv/python/cpython-3.11.14-linux-x86_64-gnu/lib/python3.11/asyncio/tasks.py:476: CancelledError

During handling of the above exception, another exception occurred:

mock_bus = <AsyncMock id='125440545060688'>
mock_settings = Settings(api=APISettings(enabled=False, host='0.0.0.0', port=8000, request_timeout=30.0, cors_origins=['*'], cors_allo..._latency', ping_interval_s=30.0, registry_announce_interval_s=60.0, stale_peer_timeout_s=120.0, remote_timeout_s=30.0))

    @pytest.mark.asyncio
    async def test_gateway_service_starts_stops_webrtc(mock_bus, mock_settings):
        with patch("app.shared.config.interface.ConfigAPI") as mock_config_api_cls:
            mock_config_api = mock_config_api_cls.return_value
            mock_config_api.aget_config = AsyncMock(return_value=mock_settings.model_dump())

            service = GatewayService()
            service._bus = mock_bus

            with patch("app.services.gateway.webrtc.rtc_client.RTCClient") as mock_rtc_client_cls:
                mock_rtc_client = mock_rtc_client_cls.return_value
                mock_rtc_client.start = AsyncMock()
                mock_rtc_client.close = AsyncMock()

                with patch(
                    "app.services.gateway.registry_aggregator.RegistryAggregator"
                ) as mock_reg_cls:
                    mock_reg = mock_reg_cls.return_value
                    mock_reg.start = AsyncMock()
                    mock_reg.stop = AsyncMock()

                    await service.on_start()

                    mock_rtc_client_cls.assert_called_once()
                    mock_rtc_client.start.assert_called_once()

>                   await service.on_stop()

tests/unit/services/test_gateway_webrtc.py:56:
_ _ _ _ _ _ _ _ _ _ _ _ _ _ _ _ _ _ _ _ _ _ _ _ _ _ _ _ _ _ _ _ _ _ _ _ _ _ _ _
app/services/gateway/service.py:527: in on_stop
    await self._stop_gateway()
app/services/gateway/service.py:1765: in _stop_gateway
    await asyncio.wait_for(asyncio.shield(self._gateway_task), timeout=5.0)
../../.local/share/uv/python/cpython-3.11.14-linux-x86_64-gnu/lib/python3.11/asyncio/tasks.py:479: in wait_for
    return fut.result()
.venv/lib/python3.11/site-packages/_pytest/runner.py:341: in from_call
    result: TResult | None = func()
.venv/lib/python3.11/site-packages/_pytest/runner.py:242: in <lambda>
    lambda: runtest_hook(item=item, **kwds), when=when, reraise=reraise
.venv/lib/python3.11/site-packages/pluggy/_hooks.py:512: in __call__
    return self._hookexec(self.name, self._hookimpls.copy(), kwargs, firstresult)
.venv/lib/python3.11/site-packages/pluggy/_manager.py:120: in _hookexec
    return self._inner_hookexec(hook_name, methods, kwargs, firstresult)
.venv/lib/python3.11/site-packages/_pytest/threadexception.py:92: in pytest_runtest_call
    yield from thread_exception_runtest_hook()
.venv/lib/python3.11/site-packages/_pytest/threadexception.py:68: in thread_exception_runtest_hook
    yield
.venv/lib/python3.11/site-packages/_pytest/unraisableexception.py:95: in pytest_runtest_call
    yield from unraisable_exception_runtest_hook()
.venv/lib/python3.11/site-packages/_pytest/unraisableexception.py:70: in unraisable_exception_runtest_hook
    yield
.venv/lib/python3.11/site-packages/_pytest/logging.py:846: in pytest_runtest_call
    yield from self._runtest_for(item, "call")
.venv/lib/python3.11/site-packages/_pytest/logging.py:829: in _runtest_for
    yield
.venv/lib/python3.11/site-packages/pluggy/_callers.py:53: in run_old_style_hookwrapper
    return result.get_result()
.venv/lib/python3.11/site-packages/pluggy/_callers.py:38: in run_old_style_hookwrapper
    res = yield
.venv/lib/python3.11/site-packages/_pytest/capture.py:898: in pytest_runtest_call
    return (yield)
.venv/lib/python3.11/site-packages/pluggy/_callers.py:53: in run_old_style_hookwrapper
    return result.get_result()
.venv/lib/python3.11/site-packages/pluggy/_callers.py:38: in run_old_style_hookwrapper
    res = yield
.venv/lib/python3.11/site-packages/pluggy/_callers.py:53: in run_old_style_hookwrapper
    return result.get_result()
.venv/lib/python3.11/site-packages/pluggy/_callers.py:38: in run_old_style_hookwrapper
    res = yield
.venv/lib/python3.11/site-packages/_pytest/skipping.py:257: in pytest_runtest_call
    return (yield)
.venv/lib/python3.11/site-packages/_pytest/runner.py:174: in pytest_runtest_call
    item.runtest()
.venv/lib/python3.11/site-packages/pytest_asyncio/plugin.py:469: in runtest
    super().runtest()
.venv/lib/python3.11/site-packages/_pytest/python.py:1627: in runtest
    self.ihook.pytest_pyfunc_call(pyfuncitem=self)
.venv/lib/python3.11/site-packages/pluggy/_hooks.py:512: in __call__
    return self._hookexec(self.name, self._hookimpls.copy(), kwargs, firstresult)
.venv/lib/python3.11/site-packages/pluggy/_manager.py:120: in _hookexec
    return self._inner_hookexec(hook_name, methods, kwargs, firstresult)
.venv/lib/python3.11/site-packages/pluggy/_callers.py:53: in run_old_style_hookwrapper
    return result.get_result()
.venv/lib/python3.11/site-packages/pluggy/_callers.py:38: in run_old_style_hookwrapper
    res = yield
.venv/lib/python3.11/site-packages/_pytest/python.py:159: in pytest_pyfunc_call
    result = testfunction(**testargs)
.venv/lib/python3.11/site-packages/pytest_asyncio/plugin.py:716: in inner
    runner.run(coro, context=context)
../../.local/share/uv/python/cpython-3.11.14-linux-x86_64-gnu/lib/python3.11/asyncio/runners.py:118: in run
    return self._loop.run_until_complete(task)
../../.local/share/uv/python/cpython-3.11.14-linux-x86_64-gnu/lib/python3.11/asyncio/base_events.py:641: in run_until_complete
    self.run_forever()
../../.local/share/uv/python/cpython-3.11.14-linux-x86_64-gnu/lib/python3.11/asyncio/base_events.py:608: in run_forever
    self._run_once()
../../.local/share/uv/python/cpython-3.11.14-linux-x86_64-gnu/lib/python3.11/asyncio/base_events.py:1936: in _run_once
    handle._run()
../../.local/share/uv/python/cpython-3.11.14-linux-x86_64-gnu/lib/python3.11/asyncio/events.py:84: in _run
    self._context.run(self._callback, *self._args)
app/services/gateway/service.py:1645: in _run_gateway_server
    await server.serve()
.venv/lib/python3.11/site-packages/uvicorn/server.py:71: in serve
    await self._serve(sockets)
.venv/lib/python3.11/site-packages/uvicorn/server.py:86: in _serve
    await self.startup(sockets=sockets)
_ _ _ _ _ _ _ _ _ _ _ _ _ _ _ _ _ _ _ _ _ _ _ _ _ _ _ _ _ _ _ _ _ _ _ _ _ _ _ _

self = <uvicorn.server.Server object at 0x721667711e10>, sockets = None

    async def startup(self, sockets: list[socket.socket] | None = None) -> None:
        await self.lifespan.startup()
        if self.lifespan.should_exit:
            self.should_exit = True
            return

        config = self.config

        def create_protocol(
            _loop: asyncio.AbstractEventLoop | None = None,
        ) -> asyncio.Protocol:
            return config.http_protocol_class(  # type: ignore[call-arg]
                config=config,
                server_state=self.server_state,
                app_state=self.lifespan.state,
                _loop=_loop,
            )

        loop = asyncio.get_running_loop()

        listeners: Sequence[socket.SocketType]
        if sockets is not None:  # pragma: full coverage
            # Explicitly passed a list of open sockets.
            # We use this when the server is run from a Gunicorn worker.

            def _share_socket(
                sock: socket.SocketType,
            ) -> socket.SocketType:  # pragma py-not-win32
                # Windows requires the socket be explicitly shared across
                # multiple workers (processes).
                from socket import fromshare  # type: ignore[attr-defined]

                sock_data = sock.share(os.getpid())  # type: ignore[attr-defined]
                return fromshare(sock_data)

            self.servers: list[asyncio.base_events.Server] = []
            for sock in sockets:
                is_windows = platform.system() == "Windows"
                if config.workers > 1 and is_windows:  # pragma: py-not-win32
                    sock = _share_socket(sock)  # type: ignore[assignment]
                server = await loop.create_server(create_protocol, sock=sock, ssl=config.ssl, backlog=config.backlog)
                self.servers.append(server)
            listeners = sockets

        elif config.fd is not None:  # pragma: py-win32
            # Use an existing socket, from a file descriptor.
            sock = socket.fromfd(config.fd, socket.AF_UNIX, socket.SOCK_STREAM)
            server = await loop.create_server(create_protocol, sock=sock, ssl=config.ssl, backlog=config.backlog)
            assert server.sockets is not None  # mypy
            listeners = server.sockets
            self.servers = [server]

        elif config.uds is not None:  # pragma: py-win32
            # Create a socket using UNIX domain socket.
            uds_perms = 0o666
            if os.path.exists(config.uds):
                uds_perms = os.stat(config.uds).st_mode  # pragma: full coverage
            server = await loop.create_unix_server(
                create_protocol, path=config.uds, ssl=config.ssl, backlog=config.backlog
            )
            os.chmod(config.uds, uds_perms)
            assert server.sockets is not None  # mypy
            listeners = server.sockets
            self.servers = [server]

        else:
            # Standard case. Create a socket from a host/port pair.
            try:
                server = await loop.create_server(
                    create_protocol,
                    host=config.host,
                    port=config.port,
                    ssl=config.ssl,
                    backlog=config.backlog,
                )
            except OSError as exc:
                logger.error(exc)
                await self.lifespan.shutdown()
>               sys.exit(1)
E               SystemExit: 1

.venv/lib/python3.11/site-packages/uvicorn/server.py:174: SystemExit
----------------------------- Captured stdout call -----------------------------
16:38:23 [INFO] Auto-subscribed get_audio_session_events to AudioSession.ListEvents
16:38:23 [INFO] Auto-subscribed get_audio_session_status to AudioSession.Status
16:38:23 [INFO] Auto-subscribed prepare_audio_session to AudioSession.Prepare
16:38:23 [INFO] Auto-subscribed request_audio_session_consent to AudioSession.RequestConsent
16:38:23 [INFO] Auto-subscribed start_audio_session to AudioSession.Start
16:38:23 [INFO] Auto-subscribed stop_audio_session to AudioSession.Stop
16:38:23 [INFO] AudioSession active (startup)
16:38:23 [WARNING] Failed to get gateway config, using defaults: object MagicMock can't be used in 'await' expression
16:38:23 [INFO] Gateway authentication disabled
16:38:23 [INFO] Gateway started at http://0.0.0.0:8000
16:38:23 [INFO]   API docs: http://0.0.0.0:8000/api/docs
16:38:23 [WARNING] Failed to get gateway config, using defaults: object MagicMock can't be used in 'await' expression
16:38:23 [WARNING] Could not auto-generate room credentials: object MagicMock can't be used in 'await' expression
16:38:23 [INFO] WebRTC client started
16:38:23 [WARNING] Failed to get gateway config, using defaults: object MagicMock can't be used in 'await' expression
16:38:23 [INFO] Stopping WebRTC client...
16:38:23 [INFO] WebRTC client stopped
16:38:23 [INFO] Stopping gateway...
16:38:23 [INFO] Gateway API starting up...
16:38:23 [ERROR] Error regenerating routes: object MagicMock can't be used in 'await' expression
Traceback (most recent call last):
  File "/home/developer/projects/aurora/app/services/gateway/route_generator.py", line 462, in _regenerate_routes
    external_methods = await self._registry.get_external_methods()
                       ^^^^^^^^^^^^^^^^^^^^^^^^^^^^^^^^^^^^^^^^^^^
TypeError: object MagicMock can't be used in 'await' expression
16:38:23 [INFO] RouteGenerator started
16:38:23 [INFO] Gateway API started successfully
16:38:23 [INFO] Gateway API shutting down...
16:38:23 [INFO] RouteGenerator stopped
16:38:23 [INFO] Gateway API shutdown complete
----------------------------- Captured stderr call -----------------------------
INFO:     Started server process [2491364]
INFO:     Waiting for application startup.
INFO:     Application startup complete.
ERROR:    [Errno 98] error while attempting to bind on address ('0.0.0.0', 8000): address already in use
INFO:     Waiting for application shutdown.
INFO:     Application shutdown complete.
=================================== FAILURES ===================================
___________________ test_gateway_service_starts_stops_webrtc ___________________

self = <uvicorn.server.Server object at 0x721667711e10>, sockets = None

    async def startup(self, sockets: list[socket.socket] | None = None) -> None:
        await self.lifespan.startup()
        if self.lifespan.should_exit:
            self.should_exit = True
            return

        config = self.config

        def create_protocol(
            _loop: asyncio.AbstractEventLoop | None = None,
        ) -> asyncio.Protocol:
            return config.http_protocol_class(  # type: ignore[call-arg]
                config=config,
                server_state=self.server_state,
                app_state=self.lifespan.state,
                _loop=_loop,
            )

        loop = asyncio.get_running_loop()

        listeners: Sequence[socket.SocketType]
        if sockets is not None:  # pragma: full coverage
            # Explicitly passed a list of open sockets.
            # We use this when the server is run from a Gunicorn worker.

            def _share_socket(
                sock: socket.SocketType,
            ) -> socket.SocketType:  # pragma py-not-win32
                # Windows requires the socket be explicitly shared across
                # multiple workers (processes).
                from socket import fromshare  # type: ignore[attr-defined]

                sock_data = sock.share(os.getpid())  # type: ignore[attr-defined]
                return fromshare(sock_data)

            self.servers: list[asyncio.base_events.Server] = []
            for sock in sockets:
                is_windows = platform.system() == "Windows"
                if config.workers > 1 and is_windows:  # pragma: py-not-win32
                    sock = _share_socket(sock)  # type: ignore[assignment]
                server = await loop.create_server(create_protocol, sock=sock, ssl=config.ssl, backlog=config.backlog)
                self.servers.append(server)
            listeners = sockets

        elif config.fd is not None:  # pragma: py-win32
            # Use an existing socket, from a file descriptor.
            sock = socket.fromfd(config.fd, socket.AF_UNIX, socket.SOCK_STREAM)
            server = await loop.create_server(create_protocol, sock=sock, ssl=config.ssl, backlog=config.backlog)
            assert server.sockets is not None  # mypy
            listeners = server.sockets
            self.servers = [server]

        elif config.uds is not None:  # pragma: py-win32
            # Create a socket using UNIX domain socket.
            uds_perms = 0o666
            if os.path.exists(config.uds):
                uds_perms = os.stat(config.uds).st_mode  # pragma: full coverage
            server = await loop.create_unix_server(
                create_protocol, path=config.uds, ssl=config.ssl, backlog=config.backlog
            )
            os.chmod(config.uds, uds_perms)
            assert server.sockets is not None  # mypy
            listeners = server.sockets
            self.servers = [server]

        else:
            # Standard case. Create a socket from a host/port pair.
            try:
>               server = await loop.create_server(
                    create_protocol,
                    host=config.host,
                    port=config.port,
                    ssl=config.ssl,
                    backlog=config.backlog,
                )

.venv/lib/python3.11/site-packages/uvicorn/server.py:164:
_ _ _ _ _ _ _ _ _ _ _ _ _ _ _ _ _ _ _ _ _ _ _ _ _ _ _ _ _ _ _ _ _ _ _ _ _ _ _ _

self = <_UnixSelectorEventLoop running=False closed=False debug=False>
protocol_factory = <function Server.startup.<locals>.create_protocol at 0x7216671cff60>
host = '0.0.0.0', port = 8000

    async def create_server(
            self, protocol_factory, host=None, port=None,
            *,
            family=socket.AF_UNSPEC,
            flags=socket.AI_PASSIVE,
            sock=None,
            backlog=100,
            ssl=None,
            reuse_address=None,
            reuse_port=None,
            ssl_handshake_timeout=None,
            ssl_shutdown_timeout=None,
            start_serving=True):
        """Create a TCP server.

        The host parameter can be a string, in that case the TCP server is
        bound to host and port.

        The host parameter can also be a sequence of strings and in that case
        the TCP server is bound to all hosts of the sequence. If a host
        appears multiple times (possibly indirectly e.g. when hostnames
        resolve to the same IP address), the server is only bound once to that
        host.

        Return a Server object which can be used to stop the service.

        This method is a coroutine.
        """
        if isinstance(ssl, bool):
            raise TypeError('ssl argument must be an SSLContext or None')

        if ssl_handshake_timeout is not None and ssl is None:
            raise ValueError(
                'ssl_handshake_timeout is only meaningful with ssl')

        if ssl_shutdown_timeout is not None and ssl is None:
            raise ValueError(
                'ssl_shutdown_timeout is only meaningful with ssl')

        if sock is not None:
            _check_ssl_socket(sock)

        if host is not None or port is not None:
            if sock is not None:
                raise ValueError(
                    'host/port and sock can not be specified at the same time')

            if reuse_address is None:
                reuse_address = os.name == "posix" and sys.platform != "cygwin"
            sockets = []
            if host == '':
                hosts = [None]
            elif (isinstance(host, str) or
                  not isinstance(host, collections.abc.Iterable)):
                hosts = [host]
            else:
                hosts = host

            fs = [self._create_server_getaddrinfo(host, port, family=family,
                                                  flags=flags)
                  for host in hosts]
            infos = await tasks.gather(*fs)
            infos = set(itertools.chain.from_iterable(infos))

            completed = False
            try:
                for res in infos:
                    af, socktype, proto, canonname, sa = res
                    try:
                        sock = socket.socket(af, socktype, proto)
                    except socket.error:
                        # Assume it's a bad family/type/protocol combination.
                        if self._debug:
                            logger.warning('create_server() failed to create '
                                           'socket.socket(%r, %r, %r)',
                                           af, socktype, proto, exc_info=True)
                        continue
                    sockets.append(sock)
                    if reuse_address:
                        sock.setsockopt(
                            socket.SOL_SOCKET, socket.SO_REUSEADDR, True)
                    if reuse_port:
                        _set_reuseport(sock)
                    # Disable IPv4/IPv6 dual stack support (enabled by
                    # default on Linux) which makes a single socket
                    # listen on both address families.
                    if (_HAS_IPv6 and
                            af == socket.AF_INET6 and
                            hasattr(socket, 'IPPROTO_IPV6')):
                        sock.setsockopt(socket.IPPROTO_IPV6,
                                        socket.IPV6_V6ONLY,
                                        True)
                    try:
                        sock.bind(sa)
                    except OSError as err:
                        msg = ('error while attempting '
                               'to bind on address %r: %s'
                               % (sa, err.strerror.lower()))
                        if err.errno == errno.EADDRNOTAVAIL:
                            # Assume the family is not enabled (bpo-30945)
                            sockets.pop()
                            sock.close()
                            if self._debug:
                                logger.warning(msg)
                            continue
>                       raise OSError(err.errno, msg) from None
E                       OSError: [Errno 98] error while attempting to bind on address ('0.0.0.0', 8000): address already in use

../../.local/share/uv/python/cpython-3.11.14-linux-x86_64-gnu/lib/python3.11/asyncio/base_events.py:1536: OSError

During handling of the above exception, another exception occurred:

self = <Coroutine test_gateway_service_starts_stops_webrtc>

    def runtest(self) -> None:
        runner_fixture_id = f"_{self._loop_scope}_scoped_runner"
        runner = self._request.getfixturevalue(runner_fixture_id)
        context = contextvars.copy_context()
        synchronized_obj = _synchronize_coroutine(
            getattr(*self._synchronization_target_attr), runner, context
        )
        with MonkeyPatch.context() as c:
            c.setattr(*self._synchronization_target_attr, synchronized_obj)
>           super().runtest()

.venv/lib/python3.11/site-packages/pytest_asyncio/plugin.py:469:
_ _ _ _ _ _ _ _ _ _ _ _ _ _ _ _ _ _ _ _ _ _ _ _ _ _ _ _ _ _ _ _ _ _ _ _ _ _ _ _
.venv/lib/python3.11/site-packages/pytest_asyncio/plugin.py:716: in inner
    runner.run(coro, context=context)
../../.local/share/uv/python/cpython-3.11.14-linux-x86_64-gnu/lib/python3.11/asyncio/runners.py:118: in run
    return self._loop.run_until_complete(task)
../../.local/share/uv/python/cpython-3.11.14-linux-x86_64-gnu/lib/python3.11/asyncio/base_events.py:641: in run_until_complete
    self.run_forever()
../../.local/share/uv/python/cpython-3.11.14-linux-x86_64-gnu/lib/python3.11/asyncio/base_events.py:608: in run_forever
    self._run_once()
../../.local/share/uv/python/cpython-3.11.14-linux-x86_64-gnu/lib/python3.11/asyncio/base_events.py:1936: in _run_once
    handle._run()
../../.local/share/uv/python/cpython-3.11.14-linux-x86_64-gnu/lib/python3.11/asyncio/events.py:84: in _run
    self._context.run(self._callback, *self._args)
app/services/gateway/service.py:1645: in _run_gateway_server
    await server.serve()
.venv/lib/python3.11/site-packages/uvicorn/server.py:71: in serve
    await self._serve(sockets)
.venv/lib/python3.11/site-packages/uvicorn/server.py:86: in _serve
    await self.startup(sockets=sockets)
_ _ _ _ _ _ _ _ _ _ _ _ _ _ _ _ _ _ _ _ _ _ _ _ _ _ _ _ _ _ _ _ _ _ _ _ _ _ _ _

self = <uvicorn.server.Server object at 0x721667711e10>, sockets = None

    async def startup(self, sockets: list[socket.socket] | None = None) -> None:
        await self.lifespan.startup()
        if self.lifespan.should_exit:
            self.should_exit = True
            return

        config = self.config

        def create_protocol(
            _loop: asyncio.AbstractEventLoop | None = None,
        ) -> asyncio.Protocol:
            return config.http_protocol_class(  # type: ignore[call-arg]
                config=config,
                server_state=self.server_state,
                app_state=self.lifespan.state,
                _loop=_loop,
            )

        loop = asyncio.get_running_loop()

        listeners: Sequence[socket.SocketType]
        if sockets is not None:  # pragma: full coverage
            # Explicitly passed a list of open sockets.
            # We use this when the server is run from a Gunicorn worker.

            def _share_socket(
                sock: socket.SocketType,
            ) -> socket.SocketType:  # pragma py-not-win32
                # Windows requires the socket be explicitly shared across
                # multiple workers (processes).
                from socket import fromshare  # type: ignore[attr-defined]

                sock_data = sock.share(os.getpid())  # type: ignore[attr-defined]
                return fromshare(sock_data)

            self.servers: list[asyncio.base_events.Server] = []
            for sock in sockets:
                is_windows = platform.system() == "Windows"
                if config.workers > 1 and is_windows:  # pragma: py-not-win32
                    sock = _share_socket(sock)  # type: ignore[assignment]
                server = await loop.create_server(create_protocol, sock=sock, ssl=config.ssl, backlog=config.backlog)
                self.servers.append(server)
            listeners = sockets

        elif config.fd is not None:  # pragma: py-win32
            # Use an existing socket, from a file descriptor.
            sock = socket.fromfd(config.fd, socket.AF_UNIX, socket.SOCK_STREAM)
            server = await loop.create_server(create_protocol, sock=sock, ssl=config.ssl, backlog=config.backlog)
            assert server.sockets is not None  # mypy
            listeners = server.sockets
            self.servers = [server]

        elif config.uds is not None:  # pragma: py-win32
            # Create a socket using UNIX domain socket.
            uds_perms = 0o666
            if os.path.exists(config.uds):
                uds_perms = os.stat(config.uds).st_mode  # pragma: full coverage
            server = await loop.create_unix_server(
                create_protocol, path=config.uds, ssl=config.ssl, backlog=config.backlog
            )
            os.chmod(config.uds, uds_perms)
            assert server.sockets is not None  # mypy
            listeners = server.sockets
            self.servers = [server]

        else:
            # Standard case. Create a socket from a host/port pair.
            try:
                server = await loop.create_server(
                    create_protocol,
                    host=config.host,
                    port=config.port,
                    ssl=config.ssl,
                    backlog=config.backlog,
                )
            except OSError as exc:
                logger.error(exc)
                await self.lifespan.shutdown()
>               sys.exit(1)
E               SystemExit: 1

.venv/lib/python3.11/site-packages/uvicorn/server.py:174: SystemExit
----------------------------- Captured stdout call -----------------------------
16:38:23 [INFO] Auto-subscribed get_audio_session_events to AudioSession.ListEvents
16:38:23 [INFO] Auto-subscribed get_audio_session_status to AudioSession.Status
16:38:23 [INFO] Auto-subscribed prepare_audio_session to AudioSession.Prepare
16:38:23 [INFO] Auto-subscribed request_audio_session_consent to AudioSession.RequestConsent
16:38:23 [INFO] Auto-subscribed start_audio_session to AudioSession.Start
16:38:23 [INFO] Auto-subscribed stop_audio_session to AudioSession.Stop
16:38:23 [INFO] AudioSession active (startup)
16:38:23 [WARNING] Failed to get gateway config, using defaults: object MagicMock can't be used in 'await' expression
16:38:23 [INFO] Gateway authentication disabled
16:38:23 [INFO] Gateway started at http://0.0.0.0:8000
16:38:23 [INFO]   API docs: http://0.0.0.0:8000/api/docs
16:38:23 [WARNING] Failed to get gateway config, using defaults: object MagicMock can't be used in 'await' expression
16:38:23 [WARNING] Could not auto-generate room credentials: object MagicMock can't be used in 'await' expression
16:38:23 [INFO] WebRTC client started
16:38:23 [WARNING] Failed to get gateway config, using defaults: object MagicMock can't be used in 'await' expression
16:38:23 [INFO] Stopping WebRTC client...
16:38:23 [INFO] WebRTC client stopped
16:38:23 [INFO] Stopping gateway...
16:38:23 [INFO] Gateway API starting up...
16:38:23 [ERROR] Error regenerating routes: object MagicMock can't be used in 'await' expression
Traceback (most recent call last):
  File "/home/developer/projects/aurora/app/services/gateway/route_generator.py", line 462, in _regenerate_routes
    external_methods = await self._registry.get_external_methods()
                       ^^^^^^^^^^^^^^^^^^^^^^^^^^^^^^^^^^^^^^^^^^^
TypeError: object MagicMock can't be used in 'await' expression
16:38:23 [INFO] RouteGenerator started
16:38:23 [INFO] Gateway API started successfully
16:38:23 [INFO] Gateway API shutting down...
16:38:23 [INFO] RouteGenerator stopped
16:38:23 [INFO] Gateway API shutdown complete
----------------------------- Captured stderr call -----------------------------
INFO:     Started server process [2491364]
INFO:     Waiting for application startup.
INFO:     Application startup complete.
ERROR:    [Errno 98] error while attempting to bind on address ('0.0.0.0', 8000): address already in use
INFO:     Waiting for application shutdown.
INFO:     Application shutdown complete.
=============================== warnings summary ===============================
app/messaging/bus.py:19
  /home/developer/projects/aurora/app/messaging/bus.py:19: PydanticDeprecatedSince20: Support for class-based `config` is deprecated, use ConfigDict instead. Deprecated in Pydantic V2.0 to be removed in V3.0. See Pydantic V2 Migration Guide at https://errors.pydantic.dev/2.12/migration/
    class Envelope(BaseModel):

app/shared/contracts/registry.py:37
  /home/developer/projects/aurora/app/shared/contracts/registry.py:37: PydanticDeprecatedSince20: Support for class-based `config` is deprecated, use ConfigDict instead. Deprecated in Pydantic V2.0 to be removed in V3.0. See Pydantic V2 Migration Guide at https://errors.pydantic.dev/2.12/migration/
    class MethodContract(BaseModel):

app/shared/contracts/registry.py:72
  /home/developer/projects/aurora/app/shared/contracts/registry.py:72: PydanticDeprecatedSince20: Support for class-based `config` is deprecated, use ConfigDict instead. Deprecated in Pydantic V2.0 to be removed in V3.0. See Pydantic V2 Migration Guide at https://errors.pydantic.dev/2.12/migration/
    class ModuleContract(BaseModel):

.venv/lib/python3.11/site-packages/passlib/utils/__init__.py:854
  /home/developer/projects/aurora/.venv/lib/python3.11/site-packages/passlib/utils/__init__.py:854: DeprecationWarning: 'crypt' is deprecated and slated for removal in Python 3.13
    from crypt import crypt as _crypt

tests/unit/contracts/test_registry.py:23
  /home/developer/projects/aurora/tests/unit/contracts/test_registry.py:23: PytestCollectionWarning: cannot collect test class 'TestInput' because it has a __init__ constructor (from: tests/unit/contracts/test_registry.py)
    class TestInput(IOModel):

tests/unit/contracts/test_registry.py:27
  /home/developer/projects/aurora/tests/unit/contracts/test_registry.py:27: PytestCollectionWarning: cannot collect test class 'TestOutput' because it has a __init__ constructor (from: tests/unit/contracts/test_registry.py)
    class TestOutput(IOModel):

app/shared/contracts/models/tooling.py:88
  /home/developer/projects/aurora/app/shared/contracts/models/tooling.py:88: UserWarning: Field name "schema" in "ToolingToolInfo" shadows an attribute in parent "IOModel"
    class ToolingToolInfo(IOModel):

tests/unit/app/test_gateway.py: 4 warnings
tests/unit/gateway/test_backend_inventory.py: 14 warnings
tests/unit/gateway/test_event_stream_route.py: 4 warnings
tests/unit/services/test_gateway_webrtc.py: 1 warning
  /home/developer/projects/aurora/app/services/gateway/fastapi_app.py:155: DeprecationWarning:
          on_event is deprecated, use lifespan event handlers instead.

          Read more about it in the
          [FastAPI docs for Lifespan Events](https://fastapi.tiangolo.com/advanced/events/).

    @app.on_event("startup")

tests/unit/app/test_gateway.py: 8 warnings
tests/unit/gateway/test_backend_inventory.py: 28 warnings
tests/unit/gateway/test_event_stream_route.py: 8 warnings
tests/unit/services/test_gateway_webrtc.py: 2 warnings
  /home/developer/projects/aurora/.venv/lib/python3.11/site-packages/fastapi/applications.py:4675: DeprecationWarning:
          on_event is deprecated, use lifespan event handlers instead.

          Read more about it in the
          [FastAPI docs for Lifespan Events](https://fastapi.tiangolo.com/advanced/events/).

    return self.router.on_event(event_type)  # ty: ignore[deprecated]

tests/unit/app/test_gateway.py: 4 warnings
tests/unit/gateway/test_backend_inventory.py: 14 warnings
tests/unit/gateway/test_event_stream_route.py: 4 warnings
tests/unit/services/test_gateway_webrtc.py: 1 warning
  /home/developer/projects/aurora/app/services/gateway/fastapi_app.py:175: DeprecationWarning:
          on_event is deprecated, use lifespan event handlers instead.

          Read more about it in the
          [FastAPI docs for Lifespan Events](https://fastapi.tiangolo.com/advanced/events/).

    @app.on_event("shutdown")

tests/unit/gateway/test_auth_service.py::test_initialize_and_bootstrap
  /home/developer/projects/aurora/.venv/lib/python3.11/site-packages/passlib/handlers/argon2.py:716: DeprecationWarning: Accessing argon2.__version__ is deprecated and will be removed in a future release. Use importlib.metadata directly to query for argon2-cffi's packaging metadata.
    _argon2_cffi.__version__, max_version)

tests/unit/gateway/test_backend_inventory.py::test_backend_inventory_includes_contract_route_schema_and_source_file
  /home/developer/projects/aurora/.venv/lib/python3.11/site-packages/pydub/utils.py:14: DeprecationWarning: 'audioop' is deprecated and slated for removal in Python 3.13
    import audioop

tests/unit/gateway/test_mesh_bus.py::TestMeshBusPublish::test_events_with_mesh_true_forwarded_when_shared
tests/unit/gateway/test_mesh_bus.py::TestMeshBusPublish::test_events_forwarded_to_multiple_peers
  /home/developer/projects/aurora/app/messaging/mesh_bus.py:197: RuntimeWarning: coroutine 'AsyncMockMixin._execute_mock_call' was never awaited
    self._peer_bridge.fire_event(
  Enable tracemalloc to get traceback where the object was allocated.
  See https://docs.pytest.org/en/stable/how-to/capture-warnings.html#resource-warnings for more info.

tests/unit/gateway/test_rtc_auth_enforcement.py::test_empty_password_warns_no_auth
tests/unit/gateway/test_rtc_auth_enforcement.py::test_public_broker_warning_when_auth_enabled
  /home/developer/projects/aurora/app/services/gateway/webrtc/rtc_client.py:316: RuntimeWarning: coroutine 'AsyncMockMixin._execute_mock_call' was never awaited
    self._adapter.on_message("presence", self._on_presence)
  Enable tracemalloc to get traceback where the object was allocated.
  See https://docs.pytest.org/en/stable/how-to/capture-warnings.html#resource-warnings for more info.

tests/unit/gateway/test_rtc_auth_enforcement.py::test_empty_password_warns_no_auth
tests/unit/gateway/test_rtc_auth_enforcement.py::test_public_broker_warning_when_auth_enabled
  /home/developer/projects/aurora/app/services/gateway/webrtc/rtc_client.py:317: RuntimeWarning: coroutine 'AsyncMockMixin._execute_mock_call' was never awaited
    self._adapter.on_message("offer", self._on_offer)
  Enable tracemalloc to get traceback where the object was allocated.
  See https://docs.pytest.org/en/stable/how-to/capture-warnings.html#resource-warnings for more info.

tests/unit/gateway/test_rtc_auth_enforcement.py::test_empty_password_warns_no_auth
tests/unit/gateway/test_rtc_auth_enforcement.py::test_public_broker_warning_when_auth_enabled
  /home/developer/projects/aurora/app/services/gateway/webrtc/rtc_client.py:318: RuntimeWarning: coroutine 'AsyncMockMixin._execute_mock_call' was never awaited
    self._adapter.on_message("answer", self._on_answer)
  Enable tracemalloc to get traceback where the object was allocated.
  See https://docs.pytest.org/en/stable/how-to/capture-warnings.html#resource-warnings for more info.

tests/unit/gateway/test_rtc_auth_enforcement.py::test_empty_password_warns_no_auth
tests/unit/gateway/test_rtc_auth_enforcement.py::test_public_broker_warning_when_auth_enabled
  /home/developer/projects/aurora/app/services/gateway/webrtc/rtc_client.py:319: RuntimeWarning: coroutine 'AsyncMockMixin._execute_mock_call' was never awaited
    self._adapter.on_message("candidate", self._on_candidate)
  Enable tracemalloc to get traceback where the object was allocated.
  See https://docs.pytest.org/en/stable/how-to/capture-warnings.html#resource-warnings for more info.

tests/unit/gateway/test_rtc_auth_enforcement.py::test_empty_password_warns_no_auth
tests/unit/gateway/test_rtc_auth_enforcement.py::test_public_broker_warning_when_auth_enabled
  /home/developer/projects/aurora/app/services/gateway/webrtc/rtc_client.py:320: RuntimeWarning: coroutine 'AsyncMockMixin._execute_mock_call' was never awaited
    self._adapter.on_message("broadcast", self._on_broadcast)
  Enable tracemalloc to get traceback where the object was allocated.
  See https://docs.pytest.org/en/stable/how-to/capture-warnings.html#resource-warnings for more info.

tests/unit/services/test_gateway_webrtc.py::test_gateway_service_starts_stops_webrtc
  /home/developer/projects/aurora/app/services/gateway/service.py:512: RuntimeWarning: coroutine 'AsyncMockMixin._execute_mock_call' was never awaited
    self.bus.subscribe(self._event_stream_subscription_topic, self._capture_gateway_event)
  Enable tracemalloc to get traceback where the object was allocated.
  See https://docs.pytest.org/en/stable/how-to/capture-warnings.html#resource-warnings for more info.

tests/unit/services/test_gateway_webrtc.py::test_gateway_service_starts_stops_webrtc
tests/unit/services/test_supervisor.py::TestSupervisorServiceLifecycle::test_start_services_foundation
tests/unit/services/test_supervisor.py::TestSupervisorServiceLifecycle::test_start_services_complete
  /home/developer/projects/aurora/app/shared/services/base_service.py:342: RuntimeWarning: coroutine 'AsyncMockMixin._execute_mock_call' was never awaited
    self.bus.subscribe(ConfigMethods.UPDATED, on_config_changed)
  Enable tracemalloc to get traceback where the object was allocated.
  See https://docs.pytest.org/en/stable/how-to/capture-warnings.html#resource-warnings for more info.

tests/unit/services/test_gateway_webrtc.py::test_gateway_service_starts_stops_webrtc
tests/unit/services/test_supervisor.py::TestSupervisorServiceLifecycle::test_start_services_foundation
tests/unit/services/test_supervisor.py::TestSupervisorServiceLifecycle::test_start_services_complete
  /home/developer/projects/aurora/app/shared/services/base_service.py:610: RuntimeWarning: coroutine 'AsyncMockMixin._execute_mock_call' was never awaited
    self.bus.subscribe(topic, handler)
  Enable tracemalloc to get traceback where the object was allocated.
  See https://docs.pytest.org/en/stable/how-to/capture-warnings.html#resource-warnings for more info.

tests/unit/services/test_gateway_webrtc.py::test_gateway_service_starts_stops_webrtc
  /home/developer/projects/aurora/app/services/gateway/service.py:521: RuntimeWarning: coroutine 'AsyncMockMixin._execute_mock_call' was never awaited
    self.bus.unsubscribe(
  Enable tracemalloc to get traceback where the object was allocated.
  See https://docs.pytest.org/en/stable/how-to/capture-warnings.html#resource-warnings for more info.

tests/unit/services/test_gateway_webrtc.py::test_gateway_service_starts_stops_webrtc
  /home/developer/projects/aurora/.venv/lib/python3.11/site-packages/websockets/legacy/__init__.py:6: DeprecationWarning: websockets.legacy is deprecated; see https://websockets.readthedocs.io/en/stable/howto/upgrade.html for upgrade instructions
    warnings.warn(  # deprecated in 14.0 - 2024-11-09

tests/unit/services/test_gateway_webrtc.py::test_gateway_service_starts_stops_webrtc
  /home/developer/projects/aurora/.venv/lib/python3.11/site-packages/uvicorn/protocols/websockets/websockets_impl.py:17: DeprecationWarning: websockets.server.WebSocketServerProtocol is deprecated
    from websockets.server import WebSocketServerProtocol

-- Docs: https://docs.pytest.org/en/stable/how-to/capture-warnings.html
================================ tests coverage ================================
_______________ coverage: platform linux, python 3.11.14-final-0 _______________

Name                                                     Stmts   Miss  Cover   Missing
--------------------------------------------------------------------------------------
app/__main__.py                                              7      7     0%   7-19
app/helpers/aurora_logger.py                                65     24    63%   56-86, 96-97, 109, 139
app/helpers/getUseHardwareAcceleration.py                   11      2    82%   22, 27
app/messaging/__init__.py                                    8      1    88%   72
app/messaging/audio_messages.py                             78     11    86%   53, 58, 63-64, 91-95, 181-187
app/messaging/bullmq_bus.py                                396    194    51%   103, 109, 118-122, 126-130, 133-136, 139-143, 146-155, 173, 183-184, 198, 218-233, 236-241, 247-248, 267, 274-283, 290-295, 299-301, 305-309, 312-320, 324-355, 358-369, 380-431, 456-460, 469-470, 486, 497-498, 502-506, 514, 518-519, 536, 573, 579-584, 618, 633, 642-644, 731, 744-765, 790-791
app/messaging/local_bus.py                                 183     29    84%   130, 134-135, 180, 216, 270-271, 310-315, 339-340, 352-354, 404-413, 425-427
app/messaging/mesh_bus.py                                  132     27    80%   203-204, 250, 265, 269-270, 286-322, 332, 430, 444-456, 478, 506, 516
app/messaging/priority_helpers.py                           17      5    71%   35-39, 69
app/services/__init__.py                                     9      3    67%   36-38
app/services/auth/__init__.py                                8      4    50%   18-22
app/services/auth/__main__.py                               38     38     0%   3-53
app/services/auth/auth_manager.py                          645    237    63%   76, 84-95, 104-105, 123, 153, 157-161, 164-168, 189, 193-199, 202-206, 239, 244-250, 273-279, 284-288, 370-371, 374, 402-404, 458-464, 470-472, 487-499, 573-574, 588, 595, 612, 643-656, 668, 671-672, 697, 746-761, 788-789, 871-872, 907-908, 918-930, 941, 952-962, 965, 968, 971-976, 979, 982, 987-995, 998-1003, 1016, 1038, 1043, 1053, 1058, 1102, 1110, 1113, 1131-1160, 1203-1204, 1209-1213, 1226-1233, 1242-1246, 1252-1257, 1274-1310, 1314-1318, 1326-1346, 1350-1354, 1370-1387, 1396-1407, 1411, 1438, 1456, 1476-1487, 1491-1496, 1505, 1521, 1534, 1546, 1561, 1588-1596, 1606, 1625, 1653-1654, 1656
app/services/auth/service.py                               337    199    41%   121, 125-126, 129, 135, 174, 180-203, 206, 209-224, 240-245, 263-266, 279-284, 308-313, 332-340, 363-371, 385-390, 408-411, 429-436, 450-456, 469-472, 486-505, 543-551, 570-573, 592-603, 622-623, 636-637, 650-653, 666-669, 718-719, 722, 744-748, 759-760, 773-774, 797-798, 811-833, 844-857, 872-878, 891-892, 905-906, 921-922, 936-940, 953-964, 975-990, 1001-1007, 1019-1042, 1053-1056, 1069-1090, 1104-1115, 1126-1135, 1148-1152, 1165-1169
app/services/backup/__main__.py                             33     33     0%   3-50
app/services/backup/service.py                             185     30    84%   65-66, 69, 99-101, 120, 137, 168, 213, 222, 287, 306-308, 323, 333-337, 339, 354-356, 400, 405, 412-413, 483
app/services/config/__main__.py                             33     33     0%   7-62
app/services/config/config_manager.py                      533    177    67%   57-61, 72-74, 79-81, 110-111, 118, 122, 124, 134, 170-173, 181, 194, 210, 217-222, 237, 243-276, 284-285, 292-293, 301-303, 308-331, 338-371, 378, 382-384, 493, 542-543, 572, 592, 599-601, 624-646, 656-658, 704, 772-773, 777-788, 797, 802-823, 828, 855-857, 863
app/services/config/env_config.py                            9      2    78%   14, 19
app/services/config/service.py                             124     50    60%   92-97, 107-108, 127-143, 155-161, 173-175, 246-248, 280-284, 298-306, 321-323, 327-332, 336-338, 346
app/services/db/__init__.py                                 11      4    64%   35-39
app/services/db/__main__.py                                 33     33     0%   3-52
app/services/db/manager.py                                 463    366    21%   39-41, 78-80, 84-117, 146-148, 165-167, 176-178, 182-202, 206-218, 222-246, 275-277, 280-301, 304-312, 315-323, 326-333, 336-357, 360-368, 371-386, 389-397, 400-422, 425-435, 438-449, 453-461, 465-473, 479-487, 494-518, 522-533, 540-563, 567-578, 582-590, 596-613, 617-627, 631-639, 652-665, 677-701, 707, 713-741, 745-756, 760-774
app/services/db/migration_manager.py                        65     17    74%   43, 95-96, 108-127
app/services/db/rag_service.py                             318    118    63%   34-65, 76, 91-97, 178-198, 225, 251-256, 332, 340, 348, 358, 369, 373, 377, 399-403, 448, 463-467, 481-518, 538-589, 643-645, 705, 708, 711, 716, 721, 726, 729, 749, 758, 762, 766, 778-780, 802-806, 821, 834-835, 840-841
app/services/db/scheduler_db_service.py                    134    108    19%   34-42, 46-67, 71-92, 96-108, 112-122, 126-142, 146-173, 177-187, 191-208, 212-230, 234-253
app/services/db/service.py                                 654    311    52%   140-147, 155-160, 165, 188, 227, 239, 241, 257, 263-265, 343, 360-361, 392, 402-405, 431, 434-444, 448, 458-463, 496-498, 544-546, 558-588, 600-617, 629-644, 659-660, 671-673, 688-689, 700-702, 719-722, 755-757, 772-773, 793-795, 812-813, 838-840, 860, 870-871, 884-886, 916, 945-947, 968-1002, 1026, 1037, 1064, 1084-1086, 1118, 1129, 1165-1166, 1183-1185, 1208-1224, 1236-1241, 1253-1258, 1270-1275, 1287-1292, 1304-1309, 1321-1326, 1340-1352, 1364-1369, 1381-1389, 1401-1406, 1420-1436, 1448-1453, 1465-1470, 1482-1489, 1501-1506, 1518-1523, 1537-1551, 1563-1570, 1578-1595, 1609-1621, 1635-1640, 1652-1657, 1675-1699
app/services/gateway/__init__.py                            17     13    24%   32-48
app/services/gateway/__main__.py                            38     38     0%   3-52
app/services/gateway/admin_action.py                       118     15    87%   100, 161, 167, 173, 179, 185, 218, 224, 230, 236, 264, 278-279, 285, 295
app/services/gateway/audio_session.py                      119     24    80%   48-49, 134-142, 151, 250, 255, 257-258, 260, 273, 275, 277, 279, 312-319
app/services/gateway/auth.py                               108     27    75%   91, 96, 107-109, 121, 124, 129-131, 143-145, 168-169, 177, 214-215, 275, 358-361, 364-366, 369
app/services/gateway/auth_proxy.py                         146     84    42%   93-105, 109-119, 123-141, 169, 173, 178-184, 204, 221-223, 237, 251, 262-263, 269-289, 295, 300-309, 312-321, 334-350, 363-381, 385-395, 401-415
app/services/gateway/config.py                              74      1    99%   108
app/services/gateway/dependencies.py                        20      6    70%   32-35, 46, 66-68
app/services/gateway/fastapi_app.py                        195     58    70%   276-292, 310-311, 332-340, 357-370, 386-388, 438-441, 453-458, 469-475, 496, 522, 540-546, 575-577, 579-580, 585, 591
app/services/gateway/mesh/announcer.py                      33     33     0%   7-66
app/services/gateway/mesh/capability_catalog.py            209     27    87%   68, 70, 76, 86-88, 262, 447, 452, 465-467, 472, 476, 479, 485-489, 494, 500, 503, 549, 564, 566, 584
app/services/gateway/mesh/capability_graph.py              133      6    95%   407-408, 411, 425, 433, 452
app/services/gateway/mesh/latency.py                        73      5    93%   65, 69-70, 78-79
app/services/gateway/mesh/negotiation.py                    89     12    87%   141-152, 305-307
app/services/gateway/mesh/peer_bridge.py                    90     18    80%   87, 135-138, 166, 177, 180, 221-239
app/services/gateway/mesh/peer_registry.py                 235     35    85%   102-105, 133-136, 151-152, 179-182, 244-247, 420, 512, 525, 531-539, 549, 589, 594, 612, 615
app/services/gateway/mesh/routing_table.py                 143     17    88%   144-150, 160, 177, 219, 250-253, 302, 343, 347, 405, 414, 440-441, 444
app/services/gateway/mesh/version_compat.py                 44      1    98%   40
app/services/gateway/registry_aggregator.py                208     60    71%   77, 119-125, 179-180, 187, 191-192, 208, 212-213, 220, 224-225, 238-239, 243-260, 268, 275, 311-317, 356-358, 377-384, 406-408, 419-433, 442
app/services/gateway/route_generator.py                    295     47    84%   85, 157, 159-162, 203-207, 233, 277, 286, 297-301, 347, 450-451, 456-457, 489, 535, 547, 550-557, 580, 582, 586, 591-606, 633, 698, 701-704, 820
app/services/gateway/service.py                            953    362    62%   118-122, 128, 131-132, 143, 171, 173, 179, 184-190, 203, 205, 207, 211-215, 217, 220, 277, 282, 284, 296, 304, 315-321, 327, 334, 340, 346, 356, 358, 360, 362, 369, 373, 375, 384, 394, 401, 408-409, 415, 421, 528-532, 544-560, 578, 599, 616, 630-631, 648-652, 686, 690, 802, 832, 856-864, 883-890, 1114, 1139, 1141, 1143, 1145, 1147, 1149, 1151, 1153, 1155, 1157, 1162, 1167, 1175-1199, 1207-1209, 1218-1220, 1275, 1279, 1425-1427, 1434-1436, 1475, 1484, 1487, 1516, 1544-1545, 1550-1584, 1632-1637, 1643, 1647, 1649, 1655-1656, 1661-1662, 1679, 1692, 1708-1710, 1736-1739, 1755, 1767-1775, 1778, 1804-1805, 1809-1829, 1842-1843, 1852-2087, 2102-2145, 2152-2189, 2198-2199, 2201-2202, 2205-2214
app/services/gateway/utils/crypto.py                        70      2    97%   102, 136
app/services/gateway/webrtc/rpc.py                         194     33    83%   38, 113-114, 122-139, 150, 201-215, 304-305, 344-349, 362, 378-380, 389, 428-441, 450-451, 470-471
app/services/gateway/webrtc/rtc_client.py                  825    346    58%   42, 48, 50, 52, 160-163, 245-248, 258, 271, 301, 333-334, 577-578, 580, 606-621, 626, 647-651, 668-672, 681, 711-712, 741-756, 764-771, 780-785, 797-808, 824-830, 842-845, 857-867, 874-882, 901, 911-913, 917-919, 923, 930-931, 937-938, 947, 998-1004, 1007-1015, 1020-1027, 1055-1184, 1188-1194, 1219-1220, 1224-1225, 1240, 1254-1255, 1263, 1329, 1350, 1353, 1393-1396, 1412-1420, 1427-1428, 1448, 1463, 1476-1487, 1506-1530, 1554-1590, 1602-1615, 1619-1649, 1662-1678, 1681-1710, 1713-1726, 1729-1746, 1760-1793
app/services/gateway/webrtc/signaling/mqtt_client.py       114     98    14%   21-41, 44-45, 49-109, 120-154, 162, 165-176, 179, 182-194, 197-200
app/services/orchestrator/__main__.py                       33     33     0%   3-51
app/services/orchestrator/agents/chatbot.py                226    139    38%   42, 44, 65-66, 81-84, 108-303, 306, 314-315, 364-366, 402-403, 415-416
app/services/orchestrator/chat_llama_cpp.py                306    306     0%   1-786
app/services/orchestrator/chat_llama_cpp_fn_handler.py     136    136     0%   1-530
app/services/orchestrator/graph.py                         158     33    79%   47, 84-85, 166-169, 199-202, 270, 274, 316, 324, 338-348, 363-364, 382-384, 400-401, 448-451, 467-468, 482-483
app/services/orchestrator/message_types.py                  12     12     0%   1-19
app/services/orchestrator/service.py                       441     66    85%   132-139, 143-150, 208-210, 269-287, 294-305, 338-350, 354-365, 432-434, 501-504, 569-593, 719, 762, 771, 826, 873, 882, 888, 906, 919, 932, 935, 943-944, 972, 1133-1134, 1148, 1156, 1158, 1163, 1332, 1338, 1346, 1362, 1368, 1370, 1392, 1418
app/services/orchestrator/tool_bindings.py                  89      8    91%   38-39, 55, 117, 134, 148, 156, 163
app/services/scheduler/__main__.py                          33     33     0%   3-51
app/services/scheduler/cron_service.py                     114     82    28%   22, 30-34, 61, 98, 109-126, 130-143, 147-150, 154-157, 161-164, 168-171, 175-179, 195-200, 238-260, 264-274, 293-294, 330-359
app/services/scheduler/models.py                            64     14    78%   71, 94, 108, 131, 157-163, 167, 171-174
app/services/scheduler/scheduler_manager.py                160     69    57%   43-50, 54-65, 69-88, 98-102, 106-107, 133-141, 152, 168-195, 210-214, 241-242, 270, 297, 301, 305, 309-312
app/services/scheduler/service.py                          276     83    70%   81, 86, 91, 94, 105, 118, 209, 214, 224, 263-264, 290-293, 297-302, 310-315, 331-338, 396-397, 406-408, 440-476, 530-532, 558-565, 592-594, 635, 698-700, 778-782, 827-837, 843-845, 873-899, 939-965
app/services/stt_coordinator/__main__.py                    33     33     0%   3-51
app/services/stt_coordinator/service.py                    373    107    71%   29-30, 144-145, 167-168, 193, 213, 228-252, 294-308, 318, 334-346, 354-355, 358-359, 412-430, 442, 450, 457-458, 495-496, 523-535, 542-543, 609-610, 617-618, 634-654, 666-667, 671-672, 682, 708-710, 722, 752-755, 765-766, 786-798, 810-814, 826, 850, 856, 861
app/services/stt_transcription/__main__.py                  33     33     0%   3-51
app/services/stt_transcription/service.py                  445    138    69%   141-142, 153, 159, 188, 232-259, 266-268, 350-352, 363, 370, 380-390, 409-410, 422, 430, 446, 457-470, 701-713, 778, 780, 782, 793, 873-946, 968-1040
app/services/stt_wakeword/__main__.py                       33     33     0%   3-51
app/services/stt_wakeword/backends.py                      116     87    25%   41-43, 48, 60, 65, 74-86, 105-106, 110-149, 160-194, 198-199, 220-222, 226-241, 252-273, 277-284
app/services/stt_wakeword/service.py                       194     36    81%   136-145, 176, 184, 374, 376, 378, 389, 420-423, 473, 500-539
app/services/supervisor.py                                 297    108    64%   179, 219-221, 239-241, 249-251, 259-261, 269-271, 285-287, 294-296, 302-347, 371-405, 413-423, 434-435, 442-446, 451, 459-460, 466, 475-476, 483-493, 498, 502, 506, 585-586, 592-602, 606
app/services/tooling/__main__.py                            33     33     0%   3-51
app/services/tooling/mcp/mcp_client.py                     188     78    59%   70-75, 78-79, 97-129, 133-140, 146, 153, 161-166, 168, 181, 193-203, 210, 222-245, 258-261, 263-264, 277-279, 306
app/services/tooling/mcp/mcp_discovery.py                  186    186     0%   11-410
app/services/tooling/service.py                            727    146    80%   147, 155-164, 174, 176, 233-238, 241, 345, 478, 528, 530, 539-541, 544-545, 553, 571-588, 682-683, 696, 711, 714-715, 775-776, 865-866, 990-993, 1098, 1179-1180, 1356-1428, 1478-1480, 1484, 1510-1512, 1517-1519, 1581-1592, 1607-1608, 1655-1657, 1685-1687, 1703, 1743-1751, 1790-1791, 1807-1821, 1840-1850, 1857, 1908, 1917, 1923-1932, 1939-1949, 1999-2008, 2042-2044, 2094, 2101, 2105-2116
app/services/tooling/tools/__init__.py                       6      6     0%   6-20
app/services/tooling/tools/brave_search.py                  23     23     0%   1-52
app/services/tooling/tools/current_screen.py                 6      6     0%   1-20
app/services/tooling/tools/duckduckgo_search.py              2      2     0%   1-3
app/services/tooling/tools/gcalendar_toolkit.py              3      3     0%   1-6
app/services/tooling/tools/github_toolkit.py                 5      5     0%   1-7
app/services/tooling/tools/gmail_toolkit.py                  3      3     0%   1-6
app/services/tooling/tools/jira_toolkit.py                   5      5     0%   1-8
app/services/tooling/tools/openrecall_search.py              7      7     0%   1-25
app/services/tooling/tools/pomodoro_tool.py                151    151     0%   1-332
app/services/tooling/tools/resume_tts.py                     9      9     0%   1-26
app/services/tooling/tools/scheduler_tool.py               191    191     0%   1-556
app/services/tooling/tools/slack_toolkit.py                  3      3     0%   1-4
app/services/tooling/tools/stop_tts.py                       9      9     0%   1-26
app/services/tooling/tools/upsert_memory.py                 11     11     0%   1-44
app/services/tooling/tools_manager.py                      264    230    13%   50-69, 73-111, 115-221, 226-264, 272-367, 379-393, 404, 412, 420, 429-456, 464-495, 518-520, 530, 545-549, 561-566, 585-605
app/services/tts/__init__.py                                 9      4    56%   39-43
app/services/tts/__main__.py                                33     33     0%   3-51
app/services/tts/piper_engine.py                            81     62    23%   27-33, 36, 63-90, 93, 102, 118-206, 215, 225
app/services/tts/service.py                                218    165    24%   57, 62, 93-113, 117-145, 149-150, 154-164, 177-183, 187-192, 200-221, 240-270, 286-292, 308-326, 342-360, 369-396, 404-423, 434-485, 507-551
app/services/tts/tts_engine.py                              82     82     0%   1-165
app/shared/auth/identity.py                                 28      1    96%   70
app/shared/auth/permissions.py                             114      7    94%   129-130, 146, 183, 191-193, 271
app/shared/config/interface.py                             394    296    25%   55, 57-61, 75-88, 101, 112-113, 125-161, 176-177, 191, 195-204, 214-222, 245-318, 325-333, 415-416, 426-427, 432, 435-439, 447, 461, 473-491, 504-518, 530-548, 559-577, 585-603, 610-616, 624-637, 648, 656-673, 681-696, 707-729, 737-769, 782-827
app/shared/config/keys.py                                  754      1    99%   13
app/shared/contracts/models/mesh.py                        110      1    99%   58
app/shared/contracts/registry.py                           137     28    80%   22-23, 27-28, 168-183, 288-294, 301-306
app/shared/crypto.py                                        25     15    40%   29, 47-51, 64-72
app/shared/mesh/tracing.py                                  34      1    97%   52
app/shared/messaging/bus_init.py                            48     32    33%   38-39, 51-53, 63, 78-82, 100-131, 153-157
app/shared/messaging/models/orchestrator_models.py          33      5    85%   64-69, 73
app/shared/messaging/models/scheduler_models.py              2      2     0%   7-9
app/shared/models/db.py                                    201     32    84%   108-112, 150-153, 185, 199, 225, 329-345, 367, 398, 404-407
app/shared/path_utils.py                                    59     18    69%   28-30, 70, 74, 81-86, 94, 109-114, 137-138
app/shared/services/base_service.py                        380    130    66%   80, 89, 102-103, 121-128, 152-153, 158, 180-182, 190-191, 212-213, 223, 225, 239, 252, 263, 286, 294-305, 313-324, 332, 334, 340, 345-346, 355-356, 368-374, 393, 402-405, 415, 443-448, 456, 486-487, 490, 520-550, 554, 559-564, 581-598, 614-615, 623-624, 644-666, 684, 688, 703-704, 759-761, 769, 773, 796-798, 806-828
app/shared/services/health.py                               17     17     0%   3-53
app/shared/services/process_launcher.py                    131    131     0%   7-286
app/ui/__init__.py                                           2      2     0%   7-9
app/ui/bridge_service.py                                   123    123     0%   10-289
--------------------------------------------------------------------------------------
TOTAL                                                    20784   7315    65%

58 files skipped due to complete coverage.
Coverage HTML written to dir htmlcov
Coverage XML written to file coverage.xml
=========================== short test summary info ============================
SKIPPED [1] tests/unit/gateway/test_principal_routes.py:107: Principal endpoints migrated to Auth service contracts (auto-generated)
SKIPPED [1] tests/unit/gateway/test_principal_routes.py:124: Principal endpoints migrated to Auth service contracts (auto-generated)
SKIPPED [1] tests/unit/gateway/test_principal_routes.py:141: Principal endpoints migrated to Auth service contracts (auto-generated)
SKIPPED [1] tests/unit/gateway/test_principal_routes.py:154: Principal endpoints migrated to Auth service contracts (auto-generated)
SKIPPED [1] tests/unit/gateway/test_principal_routes.py:165: Principal endpoints migrated to Auth service contracts (auto-generated)
SKIPPED [1] tests/unit/gateway/test_principal_routes.py:175: Principal endpoints migrated to Auth service contracts (auto-generated)
SKIPPED [1] tests/unit/gateway/test_principal_routes.py:190: Principal endpoints migrated to Auth service contracts (auto-generated)
SKIPPED [1] tests/unit/gateway/test_principal_routes.py:200: Principal endpoints migrated to Auth service contracts (auto-generated)
SKIPPED [1] tests/unit/gateway/test_principal_routes.py:210: Principal endpoints migrated to Auth service contracts (auto-generated)
SKIPPED [1] tests/unit/gateway/test_principal_routes.py:225: Principal endpoints migrated to Auth service contracts (auto-generated)
SKIPPED [1] tests/unit/gateway/test_principal_routes.py:239: Principal endpoints migrated to Auth service contracts (auto-generated)
SKIPPED [1] tests/unit/gateway/test_principal_routes.py:253: Principal endpoints migrated to Auth service contracts (auto-generated)
SKIPPED [1] tests/unit/gateway/test_token_routes.py:90: Token endpoints migrated to Auth service contracts (auto-generated)
SKIPPED [1] tests/unit/gateway/test_token_routes.py:106: Token endpoints migrated to Auth service contracts (auto-generated)
SKIPPED [1] tests/unit/gateway/test_token_routes.py:117: Token endpoints migrated to Auth service contracts (auto-generated)
SKIPPED [1] tests/unit/gateway/test_token_routes.py:138: Token endpoints migrated to Auth service contracts (auto-generated)
SKIPPED [1] tests/unit/gateway/test_token_routes.py:151: Token endpoints migrated to Auth service contracts (auto-generated)
SKIPPED [1] tests/unit/gateway/test_token_routes.py:165: Token endpoints migrated to Auth service contracts (auto-generated)
SKIPPED [1] tests/unit/gateway/test_token_routes.py:178: Token endpoints migrated to Auth service contracts (auto-generated)
SKIPPED [1] tests/unit/gateway/test_token_routes.py:188: Token endpoints migrated to Auth service contracts (auto-generated)
SKIPPED [5] tests/unit/stt_audio_input/test_service.py: AudioInputService was merged into STTCoordinatorService
SKIPPED [1] tests/unit/stt_audio_input/test_service.py:96: AudioInputService was merged into STTCoordinatorService
SKIPPED [1] tests/unit/stt_audio_input/test_service.py:110: AudioInputService was merged into STTCoordinatorService
SKIPPED [1] tests/unit/stt_audio_input/test_service.py:121: AudioInputService was merged into STTCoordinatorService
SKIPPED [1] tests/unit/stt_audio_input/test_service.py:141: AudioInputService was merged into STTCoordinatorService
SKIPPED [1] tests/unit/stt_audio_input/test_service.py:149: AudioInputService was merged into STTCoordinatorService
SKIPPED [1] tests/unit/stt_audio_input/test_service.py:162: AudioInputService was merged into STTCoordinatorService
SKIPPED [1] tests/unit/stt_audio_input/test_service.py:174: AudioInputService was merged into STTCoordinatorService
SKIPPED [1] tests/unit/stt_audio_input/test_service.py:189: AudioInputService was merged into STTCoordinatorService
SKIPPED [1] tests/unit/stt_audio_input/test_service.py:197: AudioInputService was merged into STTCoordinatorService
SKIPPED [1] tests/unit/stt_audio_input/test_service.py:213: AudioInputService was merged into STTCoordinatorService
SKIPPED [1] tests/unit/stt_audio_input/test_service.py:225: AudioInputService was merged into STTCoordinatorService
SKIPPED [1] tests/unit/stt_audio_input/test_service.py:240: AudioInputService was merged into STTCoordinatorService
SKIPPED [1] tests/unit/stt_audio_input/test_service.py:247: AudioInputService was merged into STTCoordinatorService
SKIPPED [1] tests/unit/stt_coordinator/test_service.py:269: Timeout handler has deadlock bug - _transition_to called while holding lock
ERROR tests/unit/services/test_gateway_webrtc.py::test_gateway_service_starts_stops_webrtc
FAILED tests/unit/services/test_gateway_webrtc.py::test_gateway_service_starts_stops_webrtc
= 1 failed, 920 passed, 39 skipped, 123 warnings, 1 error in 79.32s (0:01:19) ==
make: *** [Makefile:97: unit] Error 1
===== END make-unit status=2 started=2026-07-02T16:37:19Z ended=2026-07-02T16:38:42Z =====

===== START make-integration =====
CMD: make integration
Running integration tests...
uv run pytest tests/integration
/home/developer/projects/aurora/.venv/lib/python3.11/site-packages/pytest_asyncio/plugin.py:247: PytestDeprecationWarning: The configuration option "asyncio_default_fixture_loop_scope" is unset.
The event loop scope for asynchronous fixtures will default to the fixture caching scope. Future versions of pytest-asyncio will default the loop scope for asynchronous fixtures to function scope. Set the default fixture loop scope explicitly in order to avoid unexpected behavior in the future. Valid fixture loop scopes are: "function", "class", "module", "package", "session"

  warnings.warn(PytestDeprecationWarning(_DEFAULT_FIXTURE_LOOP_SCOPE_UNSET))
============================= test session starts ==============================
platform linux -- Python 3.11.14, pytest-8.3.5, pluggy-1.6.0
benchmark: 5.2.3 (defaults: timer=time.perf_counter disable_gc=False min_rounds=5 min_time=0.000005 max_time=1.0 calibration_precision=10 warmup=False warmup_iterations=100000)
rootdir: /home/developer/projects/aurora
configfile: pytest.ini
plugins: metadata-3.1.1, clarity-1.0.1, cov-7.0.0, typeguard-4.5.1, xdist-3.8.0, benchmark-5.2.3, langsmith-0.3.8, sugar-1.1.1, anyio-4.12.0, asyncio-1.3.0, playwright-0.7.2, Faker-39.0.0, mock-3.15.1, timeout-2.4.0, html-4.1.1, base-url-2.1.0
asyncio: mode=Mode.AUTO, debug=False, asyncio_default_fixture_loop_scope=None, asyncio_default_test_loop_scope=function
timeout: 300.0s
timeout method: signal
timeout func_only: False
collected 106 items / 1 skipped

tests/integration/test_ambient_transcription_integration.py ......       [  5%]
tests/integration/test_auth_endpoints.py ssssssssss                      [ 15%]
tests/integration/test_auth_pairing_integration.py sssss                 [ 19%]
tests/integration/test_db_config_integration.py .....                    [ 24%]
tests/integration/test_db_integration_final.py ...                       [ 27%]
tests/integration/test_fix_db_config.py ..                               [ 29%]
tests/integration/test_integration_complete.py .....                     [ 33%]
tests/integration/test_mcp_integration.py .....                          [ 38%]
tests/integration/test_mesh_chaos_failure_modes.py ...........           [ 49%]
tests/integration/test_mesh_failover.py .......                          [ 55%]
tests/integration/test_mesh_permissions.py ....                          [ 59%]
tests/integration/test_mesh_rag_namespace_policy.py .                    [ 60%]
tests/integration/test_mesh_routing.py ........                          [ 67%]
tests/integration/test_message_flow.py .......                           [ 74%]
tests/integration/test_principal_management.py sssss                     [ 79%]
tests/integration/test_process_mode.py sssssss                           [ 85%]
tests/integration/test_scheduler_basic.py ..                             [ 87%]
tests/integration/test_scheduler_database_integration.py ....            [ 91%]
tests/integration/test_token_management.py sssssssss                     [100%]Cleaned test database: /home/developer/projects/aurora/tests/test_scheduler.db


=============================== warnings summary ===============================
app/messaging/bus.py:19
  /home/developer/projects/aurora/app/messaging/bus.py:19: PydanticDeprecatedSince20: Support for class-based `config` is deprecated, use ConfigDict instead. Deprecated in Pydantic V2.0 to be removed in V3.0. See Pydantic V2 Migration Guide at https://errors.pydantic.dev/2.12/migration/
    class Envelope(BaseModel):

app/shared/contracts/registry.py:37
  /home/developer/projects/aurora/app/shared/contracts/registry.py:37: PydanticDeprecatedSince20: Support for class-based `config` is deprecated, use ConfigDict instead. Deprecated in Pydantic V2.0 to be removed in V3.0. See Pydantic V2 Migration Guide at https://errors.pydantic.dev/2.12/migration/
    class MethodContract(BaseModel):

app/shared/contracts/registry.py:72
  /home/developer/projects/aurora/app/shared/contracts/registry.py:72: PydanticDeprecatedSince20: Support for class-based `config` is deprecated, use ConfigDict instead. Deprecated in Pydantic V2.0 to be removed in V3.0. See Pydantic V2 Migration Guide at https://errors.pydantic.dev/2.12/migration/
    class ModuleContract(BaseModel):

.venv/lib/python3.11/site-packages/passlib/utils/__init__.py:854
  /home/developer/projects/aurora/.venv/lib/python3.11/site-packages/passlib/utils/__init__.py:854: DeprecationWarning: 'crypt' is deprecated and slated for removal in Python 3.13
    from crypt import crypt as _crypt

app/shared/contracts/models/tooling.py:88
  /home/developer/projects/aurora/app/shared/contracts/models/tooling.py:88: UserWarning: Field name "schema" in "ToolingToolInfo" shadows an attribute in parent "IOModel"
    class ToolingToolInfo(IOModel):

tests/integration/test_scheduler_database_integration.py::TestSchedulerDatabaseIntegration::test_job_persistence
tests/integration/test_scheduler_database_integration.py::TestSchedulerDatabaseIntegration::test_job_execution_logging
tests/integration/test_scheduler_database_integration.py::TestSchedulerDatabaseIntegration::test_failed_job_logging
tests/integration/test_scheduler_database_integration.py::TestSchedulerDatabaseIntegration::test_cron_job_scheduling
  /home/developer/projects/aurora/tests/integration/test_scheduler_database_integration.py:120: RuntimeWarning: coroutine 'SchedulerManager.stop' was never awaited
    manager.stop()
  Enable tracemalloc to get traceback where the object was allocated.
  See https://docs.pytest.org/en/stable/how-to/capture-warnings.html#resource-warnings for more info.

-- Docs: https://docs.pytest.org/en/stable/how-to/capture-warnings.html
================================ tests coverage ================================
_______________ coverage: platform linux, python 3.11.14-final-0 _______________

Name                                                     Stmts   Miss  Cover   Missing
--------------------------------------------------------------------------------------
app/__main__.py                                              7      7     0%   7-19
app/helpers/aurora_logger.py                                65     24    63%   56-86, 96-97, 109, 139
app/messaging/__init__.py                                    8      1    88%   72
app/messaging/audio_messages.py                             78     11    86%   53, 58, 63-64, 91-95, 181-187
app/messaging/bullmq_bus.py                                396    396     0%   12-806
app/messaging/bus_runtime.py                                 9      3    67%   33-35
app/messaging/local_bus.py                                 183     40    78%   130, 134-135, 168, 180, 215-216, 257-263, 270-271, 310-315, 339-340, 352-354, 404-413, 417-418, 425-427, 454-456
app/messaging/mesh_bus.py                                  132     53    60%   128, 132, 203-204, 210-332, 430, 453-456, 478, 502, 506, 516
app/messaging/priority_helpers.py                           17     12    29%   24-42, 51, 60, 69
app/services/__init__.py                                     9      3    67%   36-38
app/services/auth/__init__.py                                8      4    50%   18-22
app/services/auth/__main__.py                               38     38     0%   3-53
app/services/auth/auth_manager.py                          645    513    20%   67-72, 76, 84-95, 101-105, 108-114, 117-123, 126-138, 141-145, 148-154, 157-161, 164-168, 171-181, 184-190, 193-199, 202-206, 209-221, 224-230, 233-239, 244-250, 253-257, 260-264, 273-279, 284-288, 291-301, 304-310, 313-317, 323-325, 331-371, 374, 378-404, 454-472, 487-499, 504-507, 510-519, 530-576, 581-590, 593-601, 610-658, 666-692, 695-791, 802-804, 822-830, 833-843, 853-872, 882-908, 911, 918-930, 941, 952-962, 965, 968, 971-976, 979, 982, 987-995, 998-1003, 1014-1033, 1038, 1041-1050, 1053, 1056-1074, 1078-1087, 1092-1105, 1110, 1113, 1131-1160, 1171-1181, 1184-1185, 1188, 1198-1205, 1209-1213, 1226-1233, 1242-1246, 1252-1257, 1274-1310, 1314-1318, 1326-1346, 1350-1354, 1370-1387, 1396-1407, 1411, 1431, 1438, 1456, 1476-1487, 1491-1496, 1505, 1521, 1534, 1546, 1561, 1588-1596, 1606, 1625, 1649-1670, 1674-1681
app/services/auth/service.py                               337    337     0%   8-1169
app/services/backup/__init__.py                              2      2     0%   3-5
app/services/backup/__main__.py                             33     33     0%   3-50
app/services/backup/service.py                             185    185     0%   3-494
app/services/config/__main__.py                             33     33     0%   7-62
app/services/config/config_manager.py                      533    393    26%   57-61, 72-81, 108-113, 118, 122, 124, 133-134, 139, 141, 144, 161-162, 165-174, 181, 187-227, 236-239, 243-276, 280, 284-285, 289-293, 297-303, 308-331, 338-371, 378, 382-384, 390-421, 425-458, 464-483, 487-497, 508-521, 524-534, 537-543, 546-550, 553-563, 566-574, 577-581, 584-593, 596-601, 604-610, 615-618, 624-646, 656-658, 662-739, 748-749, 753-756, 763-773, 777-788, 792-842
app/services/config/env_config.py                            9      2    78%   14, 19
app/services/config/service.py                             124     86    31%   53-59, 64-100, 104-108, 127-143, 155-161, 173-175, 190-194, 209-210, 225-229, 242-248, 263-266, 280-284, 298-306, 321-323, 327-332, 336-338, 346
app/services/db/__init__.py                                 11      4    64%   35-39
app/services/db/__main__.py                                 33     33     0%   3-52
app/services/db/manager.py                                 463    374    19%   23-25, 39-41, 78-80, 84-117, 140, 146-148, 161, 165-167, 171-178, 182-202, 206-218, 222-246, 275-277, 280-301, 304-312, 315-323, 326-333, 336-357, 360-368, 371-386, 389-397, 400-422, 425-435, 438-449, 453-461, 465-473, 479-487, 494-518, 522-533, 540-563, 567-578, 582-590, 596-613, 617-627, 631-639, 652-665, 677-701, 713-741, 745-756, 760-774
app/services/db/migration_manager.py                        65     15    77%   43, 108-127
app/services/db/rag_service.py                             318    260    18%   34-65, 75-114, 119, 141-283, 301-315, 320-321, 332, 340, 348, 358, 369, 373, 377, 397-414, 433-467, 481-518, 538-589, 611-645, 657-658, 662-668, 677, 680, 683, 688, 695, 705, 708, 711, 716, 721, 726, 729, 737-744, 749, 757-816, 820-821, 828-829, 834-835, 840-841
app/services/db/scheduler_db_service.py                    134     78    42%   22-24, 34-42, 65-67, 90-92, 104-108, 112-122, 140-142, 146-173, 177-187, 191-208, 212-230, 234-253
app/services/db/service.py                                 654    440    33%   126-136, 140-147, 155-160, 165, 188, 196, 217-222, 227, 239, 241, 247, 257, 261-265, 282, 319-320, 337-339, 343, 360-361, 392, 402-405, 418-463, 475-498, 512-546, 558-588, 600-617, 629-644, 656-673, 685-702, 714-757, 769-795, 807-840, 855-886, 899-947, 968-1002, 1026, 1037, 1062-1064, 1084-1086, 1118, 1129, 1146, 1165-1166, 1183-1185, 1208-1224, 1236-1241, 1253-1258, 1270-1275, 1287-1292, 1304-1309, 1321-1326, 1340-1352, 1364-1369, 1381-1389, 1401-1406, 1420-1436, 1448-1453, 1465-1470, 1482-1489, 1501-1506, 1518-1523, 1537-1551, 1563-1570, 1578-1595, 1609-1621, 1635-1640, 1652-1657, 1675-1699
app/services/gateway/__init__.py                            17     13    24%   32-48
app/services/gateway/__main__.py                            38     38     0%   3-52
app/services/gateway/acl/audit.py                            2      2     0%   6-8
app/services/gateway/acl/permissions.py                      2      2     0%   7-15
app/services/gateway/admin_action.py                       118    118     0%   3-299
app/services/gateway/audio_session.py                      119    119     0%   3-324
app/services/gateway/auth.py                               108     79    27%   62-65, 79, 90-96, 107-109, 120-125, 129-131, 143-145, 160, 168-169, 177, 185-186, 199-237, 275, 299-313, 344-386
app/services/gateway/auth_proxy.py                         146    146     0%   11-415
app/services/gateway/config.py                              74      8    89%   84, 102-114
app/services/gateway/dependencies.py                        20     10    50%   29-35, 41, 46, 52, 66-68
app/services/gateway/fastapi_app.py                        195    173    11%   70-477, 491-501, 512-523, 540-546, 559-585, 591, 608-611
app/services/gateway/mesh/announcer.py                      33     33     0%   7-66
app/services/gateway/mesh/capability_catalog.py            209    209     0%   3-603
app/services/gateway/mesh/capability_graph.py              133    133     0%   7-462
app/services/gateway/mesh/latency.py                        73     73     0%   8-154
app/services/gateway/mesh/negotiation.py                    89     89     0%   9-307
app/services/gateway/mesh/peer_bridge.py                    90     33    63%   58, 84-87, 135-138, 154-155, 159-163, 166, 177, 180, 191-194, 202, 221-239, 246-249
app/services/gateway/mesh/peer_registry.py                 235    107    54%   60-62, 66-70, 87-90, 102-105, 121-122, 133-136, 148-156, 179-182, 200-201, 219, 268, 291-299, 313, 317, 379, 387, 420, 423, 445, 454-462, 471-477, 512, 518-525, 531-539, 543-552, 581-595, 603-616
app/services/gateway/mesh/routing_table.py                 143     29    80%   79, 85, 93, 103, 144-150, 170, 177, 185, 189, 219, 227-235, 250-253, 302, 313, 343, 347, 361, 405, 412, 414, 440-441, 444
app/services/gateway/mesh/version_compat.py                 44     44     0%   11-136
app/services/gateway/registry_aggregator.py                208    181    13%   51-69, 76-91, 95-105, 113-114, 118-125, 129-180, 184-213, 217-239, 243-260, 264-270, 274-290, 298-332, 343-344, 352-360, 368-394, 406-408, 419-433, 442
app/services/gateway/route_generator.py                    295    295     0%   7-820
app/services/gateway/service.py                            953    953     0%   6-2214
app/services/gateway/utils/crypto.py                        70     70     0%   1-136
app/services/gateway/webrtc/rpc.py                         194     93    52%   36-38, 86-88, 96, 113-114, 119-120, 138-139, 162-163, 201-215, 268-451, 470-471, 488-501
app/services/gateway/webrtc/rtc_client.py                  825    825     0%   1-1793
app/services/orchestrator/__init__.py                        3      3     0%   10-13
app/services/orchestrator/__main__.py                       33     33     0%   3-51
app/services/orchestrator/chat_llama_cpp.py                306    306     0%   1-786
app/services/orchestrator/chat_llama_cpp_fn_handler.py     136    136     0%   1-530
app/services/orchestrator/graph.py                         158    158     0%   7-483
app/services/orchestrator/message_types.py                  12     12     0%   1-19
app/services/orchestrator/service.py                       441    441     0%   11-1418
app/services/orchestrator/state.py                           6      6     0%   1-13
app/services/orchestrator/tool_bindings.py                  89     89     0%   3-217
app/services/scheduler/__main__.py                          33     33     0%   3-51
app/services/scheduler/cron_service.py                     114     90    21%   20-26, 30-34, 61, 98, 109-126, 130-143, 147-150, 154-157, 161-164, 168-171, 175-179, 195-200, 238-260, 264-274, 289-296, 330-359
app/services/scheduler/models.py                            64     14    78%   71, 94, 108, 131, 157-163, 167, 171-174
app/services/scheduler/scheduler_manager.py                160    123    23%   37-39, 43-50, 54-65, 69-88, 98-102, 106-107, 111-161, 168-195, 199-214, 218-242, 254-270, 281-297, 301, 305, 309-312, 316-319
app/services/scheduler/service.py                          276    224    19%   68-77, 80-82, 85-87, 90-94, 97, 104-108, 117-123, 126-135, 163, 172-174, 196, 199-215, 221-225, 236-264, 268-286, 290-293, 297-302, 310-315, 328-408, 421-476, 489-532, 551-594, 620-700, 718-899, 939-965
app/services/stt_coordinator/__init__.py                     3      3     0%   7-10
app/services/stt_coordinator/__main__.py                    33     33     0%   3-51
app/services/stt_coordinator/service.py                    373    373     0%   14-868
app/services/stt_transcription/__init__.py                   2      2     0%   9-11
app/services/stt_transcription/__main__.py                  33     33     0%   3-51
app/services/stt_transcription/service.py                  445    445     0%   14-1044
app/services/stt_wakeword/__init__.py                        4      4     0%   9-23
app/services/stt_wakeword/__main__.py                       33     33     0%   3-51
app/services/stt_wakeword/backends.py                      116    116     0%   4-284
app/services/stt_wakeword/messages.py                        2      2     0%   7-14
app/services/stt_wakeword/service.py                       194    194     0%   15-539
app/services/supervisor.py                                 297    297     0%   11-606
app/services/tooling/__main__.py                            33     33     0%   3-51
app/services/tooling/mcp/mcp_client.py                     188     86    54%   34-35, 41-42, 53-54, 70-75, 78-79, 97-129, 133-140, 146, 153, 161-166, 168, 181, 186, 193-203, 210, 222-245, 258-261, 263-264, 293-296, 301, 306
app/services/tooling/mcp/mcp_discovery.py                  186    186     0%   11-410
app/services/tooling/service.py                            727    598    18%   106-116, 120-143, 147, 155-164, 170-177, 183-185, 191-205, 213, 223, 228-260, 267-291, 330, 336-346, 352-354, 371-376, 396-399, 403-407, 419-437, 447-453, 456, 463-464, 472-484, 492-509, 523-555, 559, 564-588, 594-596, 616, 635-731, 742-753, 764-776, 779-786, 789, 797, 801, 809, 813, 816-830, 834-837, 842-866, 869, 885-889, 919-925, 937-1002, 1023-1033, 1053-1059, 1068, 1093-1120, 1137-1180, 1194-1214, 1238-1319, 1324-1341, 1356-1428, 1448-1519, 1534-1616, 1642-1657, 1673-1687, 1703, 1719-1730, 1739-1767, 1790-1791, 1807-1821, 1837-1884, 1906-1975, 1999-2008, 2024-2044, 2063-2254
app/services/tooling/tools/__init__.py                       6      6     0%   6-20
app/services/tooling/tools/brave_search.py                  23     23     0%   1-52
app/services/tooling/tools/current_screen.py                 6      6     0%   1-20
app/services/tooling/tools/duckduckgo_search.py              2      2     0%   1-3
app/services/tooling/tools/gcalendar_toolkit.py              3      3     0%   1-6
app/services/tooling/tools/github_toolkit.py                 5      5     0%   1-7
app/services/tooling/tools/gmail_toolkit.py                  3      3     0%   1-6
app/services/tooling/tools/jira_toolkit.py                   5      5     0%   1-8
app/services/tooling/tools/openrecall_search.py              7      7     0%   1-25
app/services/tooling/tools/pomodoro_tool.py                151    151     0%   1-332
app/services/tooling/tools/resume_tts.py                     9      9     0%   1-26
app/services/tooling/tools/scheduler_tool.py               191    191     0%   1-556
app/services/tooling/tools/slack_toolkit.py                  3      3     0%   1-4
app/services/tooling/tools/stop_tts.py                       9      9     0%   1-26
app/services/tooling/tools/upsert_memory.py                 11     11     0%   1-44
app/services/tooling/tools_manager.py                      264    236    11%   34-39, 50-69, 73-111, 115-221, 226-264, 272-367, 379-393, 404, 412, 420, 429-456, 464-495, 518-520, 530, 545-549, 561-566, 585-605
app/services/tts/__init__.py                                 9      9     0%   9-43
app/services/tts/__main__.py                                33     33     0%   3-51
app/services/tts/piper_engine.py                            81     81     0%   1-225
app/services/tts/service.py                                218    218     0%   10-551
app/services/tts/tts_engine.py                              82     82     0%   1-165
app/shared/auth/audit.py                                    13     13     0%   6-44
app/shared/auth/identity.py                                 28      7    75%   64-66, 70, 74, 140-146
app/shared/auth/permissions.py                             114     94    18%   36-53, 83-101, 125-134, 142-146, 172-193, 247-273, 291, 320-332, 360-370, 380
app/shared/config/interface.py                             394    355    10%   52-62, 70-88, 97-113, 125-161, 175-204, 214-222, 245-318, 325-333, 382-439, 447, 461, 473-491, 504-518, 530-548, 559-577, 585-603, 610-616, 624-637, 648, 656-673, 681-696, 707-729, 737-769, 782-827
app/shared/config/keys.py                                  754      1    99%   13
app/shared/contracts/models/audio.py                         8      8     0%   3-30
app/shared/contracts/models/backup.py                      112    112     0%   3-193
app/shared/contracts/models/mesh.py                        110      1    99%   58
app/shared/contracts/models/supervisor.py                   43     43     0%   3-77
app/shared/contracts/models/tooling.py                     243      1    99%   239
app/shared/contracts/registry.py                           137     48    65%   22-23, 27-28, 168-183, 252, 258, 262, 279, 288-294, 301-306, 318, 327, 339, 348, 358-392, 404, 409-411
app/shared/crypto.py                                        25     15    40%   29, 47-51, 64-72
app/shared/mesh/tracing.py                                  34     16    53%   36, 51-57, 63-64, 68-71, 75-76
app/shared/messaging/bus_init.py                            48     38    21%   31-39, 51-53, 63, 78-82, 100-131, 148-157
app/shared/messaging/models/orchestrator_models.py          33      5    85%   64-69, 73
app/shared/messaging/models/scheduler_models.py              2      2     0%   7-9
app/shared/models/db.py                                    201     69    66%   51, 62, 73, 82, 105, 108-112, 126-129, 132, 147-155, 179-182, 185, 199, 222-225, 228, 243-246, 280, 282, 294, 316, 331-343, 392-398, 401, 404-407, 432-435, 438, 454
app/shared/path_utils.py                                    59     59     0%   7-167
app/shared/services/base_service.py                        380    303    20%   80, 89, 102-103, 119-128, 139-153, 157-175, 179-194, 204-218, 222-226, 230-232, 236-241, 252, 263, 272, 286, 294-305, 313-324, 331-346, 350-357, 361-393, 402-405, 408-410, 414-431, 435-448, 456, 464, 477-615, 619-625, 644-666, 683-761, 768-798, 806-828
app/shared/services/health.py                               17     17     0%   3-53
app/shared/services/process_launcher.py                    131    131     0%   7-286
app/ui/__init__.py                                           2      2     0%   7-9
app/ui/bridge_service.py                                   123    123     0%   10-289
--------------------------------------------------------------------------------------
TOTAL                                                    20429  13917    32%

42 files skipped due to complete coverage.
Coverage HTML written to dir htmlcov
Coverage XML written to file coverage.xml
=========================== short test summary info ============================
SKIPPED [1] tests/integration/messaging/test_bullmq_redis_roundtrip.py:16: could not import 'bullmq': No module named 'bullmq'
SKIPPED [1] tests/integration/test_auth_endpoints.py:72: Auth endpoints migrated to Auth service contracts (auto-generated)
SKIPPED [1] tests/integration/test_auth_endpoints.py:91: Auth endpoints migrated to Auth service contracts (auto-generated)
SKIPPED [1] tests/integration/test_auth_endpoints.py:103: Auth endpoints migrated to Auth service contracts (auto-generated)
SKIPPED [1] tests/integration/test_auth_endpoints.py:115: Auth endpoints migrated to Auth service contracts (auto-generated)
SKIPPED [1] tests/integration/test_auth_endpoints.py:139: Auth endpoints migrated to Auth service contracts (auto-generated)
SKIPPED [1] tests/integration/test_auth_endpoints.py:165: Auth endpoints migrated to Auth service contracts (auto-generated)
SKIPPED [1] tests/integration/test_auth_endpoints.py:177: Auth endpoints migrated to Auth service contracts (auto-generated)
SKIPPED [1] tests/integration/test_auth_endpoints.py:214: Auth endpoints migrated to Auth service contracts (auto-generated)
SKIPPED [1] tests/integration/test_auth_endpoints.py:252: Auth endpoints migrated to Auth service contracts (auto-generated)
SKIPPED [1] tests/integration/test_auth_endpoints.py:264: Auth endpoints migrated to Auth service contracts (auto-generated)
SKIPPED [1] tests/integration/test_auth_pairing_integration.py:53: Pairing endpoints migrated to Auth service contracts (auto-generated)
SKIPPED [1] tests/integration/test_auth_pairing_integration.py:97: Pairing endpoints migrated to Auth service contracts (auto-generated)
SKIPPED [1] tests/integration/test_auth_pairing_integration.py:106: Pairing endpoints migrated to Auth service contracts (auto-generated)
SKIPPED [1] tests/integration/test_auth_pairing_integration.py:118: Pairing endpoints migrated to Auth service contracts (auto-generated)
SKIPPED [1] tests/integration/test_auth_pairing_integration.py:127: Pairing endpoints migrated to Auth service contracts (auto-generated)
SKIPPED [1] tests/integration/test_principal_management.py:57: Principal endpoints migrated to Auth service contracts (auto-generated)
SKIPPED [1] tests/integration/test_principal_management.py:81: Principal endpoints migrated to Auth service contracts (auto-generated)
SKIPPED [1] tests/integration/test_principal_management.py:118: Principal endpoints migrated to Auth service contracts (auto-generated)
SKIPPED [1] tests/integration/test_principal_management.py:157: Principal endpoints migrated to Auth service contracts (auto-generated)
SKIPPED [1] tests/integration/test_principal_management.py:199: Principal endpoints migrated to Auth service contracts (auto-generated)
SKIPPED [1] tests/integration/test_process_mode.py:56: redis package not installed
SKIPPED [1] tests/integration/test_process_mode.py:84: redis package not installed
SKIPPED [1] tests/integration/test_process_mode.py:105: redis package not installed
SKIPPED [1] tests/integration/test_process_mode.py:116: redis package not installed
SKIPPED [1] tests/integration/test_process_mode.py:138: redis package not installed
SKIPPED [1] tests/integration/test_process_mode.py:145: redis package not installed
SKIPPED [1] tests/integration/test_process_mode.py:166: redis package not installed
SKIPPED [1] tests/integration/test_token_management.py:56: Token endpoints migrated to Auth service contracts (auto-generated)
SKIPPED [1] tests/integration/test_token_management.py:89: Token endpoints migrated to Auth service contracts (auto-generated)
SKIPPED [1] tests/integration/test_token_management.py:120: Token endpoints migrated to Auth service contracts (auto-generated)
SKIPPED [1] tests/integration/test_token_management.py:161: Token endpoints migrated to Auth service contracts (auto-generated)
SKIPPED [1] tests/integration/test_token_management.py:195: Token endpoints migrated to Auth service contracts (auto-generated)
SKIPPED [1] tests/integration/test_token_management.py:211: Token endpoints migrated to Auth service contracts (auto-generated)
SKIPPED [1] tests/integration/test_token_management.py:235: Token endpoints migrated to Auth service contracts (auto-generated)
SKIPPED [1] tests/integration/test_token_management.py:256: Token endpoints migrated to Auth service contracts (auto-generated)
SKIPPED [1] tests/integration/test_token_management.py:287: Token endpoints migrated to Auth service contracts (auto-generated)
================= 70 passed, 37 skipped, 9 warnings in 17.79s ==================
===== END make-integration status=0 started=2026-07-02T16:38:42Z ended=2026-07-02T16:39:02Z =====

===== START make-check-docs =====
CMD: make check-docs
Checking documentation links and hygiene...
Documentation check passed (58 markdown files scanned).
===== END make-check-docs status=0 started=2026-07-02T16:39:02Z ended=2026-07-02T16:39:02Z =====

===== START git-diff-check =====
CMD: git diff --check
===== END git-diff-check status=0 started=2026-07-02T16:39:02Z ended=2026-07-02T16:39:02Z =====

ruff	0	2026-07-02T16:33:05Z	2026-07-02T16:33:05Z	uv run ruff check app packages scripts tests
pytest-unit-corrected	0	2026-07-02T16:33:05Z	2026-07-02T16:33:56Z	uv run pytest tests/unit/gateway tests/unit/auth tests/unit/app/config tests/unit/services/test_config_admin_contracts.py -q
pytest-integration	0	2026-07-02T16:33:56Z	2026-07-02T16:34:16Z	uv run pytest tests/integration -q
client-build	0	2026-07-02T16:34:16Z	2026-07-02T16:34:18Z	pnpm --filter @aurora/client build
client-test	0	2026-07-02T16:34:18Z	2026-07-02T16:34:23Z	pnpm --filter @aurora/client test
ui-typecheck	0	2026-07-02T16:34:23Z	2026-07-02T16:34:32Z	pnpm --filter @aurora/ui typecheck
ui-test	0	2026-07-02T16:34:32Z	2026-07-02T16:34:50Z	pnpm --filter @aurora/ui test
web-typecheck	0	2026-07-02T16:34:50Z	2026-07-02T16:34:57Z	pnpm --filter @aurora/web typecheck
web-test	0	2026-07-02T16:34:57Z	2026-07-02T16:35:00Z	pnpm --filter @aurora/web test
web-build	0	2026-07-02T16:35:00Z	2026-07-02T16:35:14Z	pnpm --filter @aurora/web build
tauri-ui-typecheck	0	2026-07-02T16:35:14Z	2026-07-02T16:35:22Z	pnpm --filter @aurora/tauri-ui typecheck
tauri-ui-test	0	2026-07-02T16:35:22Z	2026-07-02T16:35:30Z	pnpm --filter @aurora/tauri-ui test
tauri-e2e-routes	0	2026-07-02T16:35:30Z	2026-07-02T16:36:17Z	pnpm --filter @aurora/tauri-ui test:e2e:routes
tauri-e2e-assistant	0	2026-07-02T16:36:17Z	2026-07-02T16:36:21Z	pnpm --filter @aurora/tauri-ui test:e2e:assistant
tauri-e2e-admin	0	2026-07-02T16:36:21Z	2026-07-02T16:36:25Z	pnpm --filter @aurora/tauri-ui test:e2e:admin
tauri-e2e-runtime	0	2026-07-02T16:36:25Z	2026-07-02T16:36:30Z	pnpm --filter @aurora/tauri-ui test:e2e:runtime
cargo-check	0	2026-07-02T16:36:30Z	2026-07-02T16:36:31Z	cargo check --manifest-path apps/aurora-tauri/src-tauri/Cargo.toml
tauri-smoke-linux	1	2026-07-02T16:36:31Z	2026-07-02T16:37:03Z	pnpm --filter @aurora/tauri-ui tauri:smoke:linux
tauri-dev-smoke	0	2026-07-02T16:37:03Z	2026-07-02T16:37:16Z	pnpm --filter @aurora/tauri-ui dev:smoke
android-preflight	0	2026-07-02T16:37:16Z	2026-07-02T16:37:17Z	pnpm --filter @aurora/tauri-ui android:preflight
ios-policy	0	2026-07-02T16:37:17Z	2026-07-02T16:37:18Z	pnpm --filter @aurora/tauri-ui ios:policy
ios-preflight-strict-expected-linux-blocker	1	2026-07-02T16:37:18Z	2026-07-02T16:37:18Z	pnpm --filter @aurora/tauri-ui ios:preflight
make-lint	0	2026-07-02T16:37:18Z	2026-07-02T16:37:19Z	make lint
make-unit	2	2026-07-02T16:37:19Z	2026-07-02T16:38:42Z	make unit
make-integration	0	2026-07-02T16:38:42Z	2026-07-02T16:39:02Z	make integration
make-check-docs	0	2026-07-02T16:39:02Z	2026-07-02T16:39:02Z	make check-docs
git-diff-check	0	2026-07-02T16:39:02Z	2026-07-02T16:39:02Z	git diff --check
Log: .omx/reports/final-ultrawork/final-verification-20260702T163305Z.log
